Date,Product,Quantity,Price,Cost,Total_Sales,Profit
2021-06-22,Product A,8,85.63379615897416,36.54569231491114,685.0703692717933,392.70483075250417
2021-02-17,Product A,6,36.43119660974844,27.994700059560866,218.58717965849064,50.61897930112544
2021-04-28,Product A,3,72.39443057202014,43.791929374364344,217.1832917160604,85.8075035929674
2021-07-12,Product B,17,62.629559652958314,18.920060568371696,1064.7025141002914,743.0614844379725
2021-11-20,Product C,14,83.14283914196979,24.053116620143644,1163.999747987577,827.256115305566
2021-09-09,Product B,9,81.31982988242609,21.533247192443984,731.8784689418349,538.079244209839
2021-07-15,Product B,8,66.03232071217019,27.07769435289473,528.2585656973615,311.63701087420367
2021-12-26,Product C,2,66.45514389255703,39.77894240478761,132.91028778511406,53.35240297553885
2021-01-10,Product C,2,78.7488821971229,16.706952647047316,157.4977643942458,124.08385910015116
2021-07-31,Product C,2,68.84505963550978,45.395133884123425,137.69011927101957,46.89985150277272
2021-10-05,Product B,10,64.7193308984208,32.37567037751925,647.193308984208,323.43660520901545
2021-08-31,Product A,5,59.815628249387565,26.88860124645233,299.07814124693783,164.63513501467617
2021-10-20,Product B,7,96.60078444787176,15.249957054850087,676.2054911351023,569.4557917511518
2021-03-29,Product B,2,37.699195707410766,34.54976307740519,75.39839141482153,6.298865260011155
2021-03-12,Product C,19,54.96753965355996,22.70486720639309,1044.3832534176393,612.9907764961705
2021-03-30,Product B,11,53.50299156568497,39.228832553119204,588.5329072225347,157.01574913822344
2021-11-11,Product A,16,66.92451242676724,49.049217003926266,1070.7921988282758,286.00472676545553
2021-07-13,Product A,4,74.70263418687333,17.45367471190874,298.8105367474933,228.99583789985834
2021-02-09,Product B,19,37.82168837075348,11.473711559855811,718.612079044316,500.61155940705567
2021-03-29,Product C,7,64.94860935287082,18.105703120417655,454.64026547009576,327.9003436271721
2021-06-24,Product B,1,93.6311036648101,32.586594087660615,93.6311036648101,61.04450957714948
2021-03-30,Product A,15,38.7477674608887,15.240839577291512,581.2165119133306,352.6039182539579
2021-12-04,Product A,4,28.864317689523375,24.84179835549792,115.4572707580935,16.090077336101814
2021-06-15,Product B,6,42.338593165264065,17.791131962160357,254.0315589915844,147.28476721862225
2021-01-26,Product A,8,64.21925889936311,39.13661213732631,513.7540711949049,200.66117409629442
2021-11-30,Product B,17,56.198518648068145,10.129674385648508,955.3748170171584,783.1703524611338
2021-03-14,Product A,12,55.23085799202043,11.606013304072418,662.7702959042451,523.4981362553762
2021-09-23,Product C,12,72.33588517343148,39.2669754912538,868.0306220811777,396.8269161861321
2021-04-26,Product A,13,93.3188318997192,48.743612550964755,1213.1448146963496,579.4778515338078
2021-09-01,Product B,3,34.869012213959245,33.62111186155955,104.60703664187773,3.7437010571990896
2021-07-17,Product B,6,47.885890732736705,12.965331950249785,287.31534439642024,209.52335269492153
2021-12-02,Product C,18,50.813201094476206,41.896678557462465,914.6376197005717,160.49740566624735
2021-12-05,Product A,15,32.269627767920106,11.073527149808564,484.0444165188016,317.94150927167317
2021-04-10,Product B,6,91.24038037741828,17.99960009128317,547.4422822645097,439.44468171681063
2021-06-27,Product A,15,94.59547335529079,28.964979726351498,1418.932100329362,984.4574044340893
2021-09-01,Product C,18,99.93664001504354,33.94065804178999,1798.8595202707836,1187.9276755185638
2021-10-13,Product B,10,38.976645054548285,26.09363031317807,389.7664505454828,128.83014741370215
2021-05-28,Product C,15,25.740152198052932,35.53350829701567,386.10228297079396,-146.9003414844411
2021-05-28,Product B,13,31.869885860630003,30.893084678346913,414.30851618819,12.69841536968017
2021-10-16,Product A,3,85.66925197350027,46.2917286250867,257.0077559205008,118.1325700452407
2021-09-23,Product B,4,94.37425442404522,49.97705732736233,377.4970176961809,177.58878838673155
2021-07-05,Product C,1,48.47184613253204,39.20775024849215,48.47184613253204,9.264095884039897
2021-05-08,Product B,13,96.99969367789917,13.486759839293745,1260.9960178126892,1085.6681399018707
2021-02-02,Product C,13,83.75612743112247,23.1955255721242,1088.829656604592,787.2878241669775
2021-02-01,Product B,13,48.279417433169115,30.867766980392837,627.6324266311985,226.35145588609163
2021-07-22,Product C,1,88.07623321774655,20.49033732407787,88.07623321774655,67.58589589366868
2021-09-02,Product A,18,71.28045598791988,44.94899005110152,1283.0482077825577,473.9663868627305
2021-06-01,Product B,3,55.718686623855774,17.858961214868437,167.15605987156732,113.579176226962
2021-06-13,Product A,19,56.154046657976394,18.17866946118196,1066.9268865015515,721.5321667390942
2021-07-03,Product B,5,96.96958141103248,46.19870565753632,484.8479070551624,253.8543787674808
2021-01-29,Product B,6,43.44182691734608,36.7737249003949,260.65096150407646,40.008612101707044
2021-10-18,Product A,18,73.57558654353002,34.66777011054871,1324.3605577835403,700.3406957936636
2021-05-09,Product C,7,84.33681486070485,38.27012894668982,590.3577040249339,322.4668013981052
2021-05-09,Product A,16,50.83067619059513,18.615537862062332,813.290819049522,515.4422132565247
2021-02-23,Product A,2,57.14320104520918,33.45463782824489,114.28640209041836,47.37712643392858
2021-02-08,Product B,16,71.38170957261437,37.574612424520076,1142.10735316183,540.9135543695087
2021-09-02,Product C,10,67.0224980984131,20.253007711839007,670.224980984131,467.6949038657409
2021-10-01,Product C,14,78.65806975137563,43.6108842445319,1101.212976519259,490.66059709581225
2021-12-02,Product A,18,88.45172171477964,32.17667383461213,1592.1309908660335,1012.9508618430151
2021-04-16,Product A,13,63.33946545315694,30.095188907837493,823.4130508910403,432.17559508915286
2021-02-12,Product C,14,96.7535674055768,44.458834042473676,1354.5499436780751,732.1262670834437
2021-02-01,Product A,19,42.49084723055689,17.493682293053652,807.3260973805809,474.94613381256147
2021-09-15,Product B,16,25.340543892139404,10.769617651787984,405.44870227423047,233.13481984562273
2021-11-18,Product B,3,50.74829858322363,40.82155368646355,152.2448957496709,29.78023469028023
2021-02-27,Product A,12,97.12743542571329,18.85568624725128,1165.5292251085593,939.260990141544
2021-10-19,Product B,10,81.11466916154282,14.537294168489483,811.1466916154282,665.7737499305334
2021-12-25,Product C,19,35.75135919022945,20.13335305171391,679.2758246143595,296.7421166317953
2021-04-30,Product A,9,98.37645096424447,16.29685818252296,885.3880586782002,738.7163350354937
2021-09-25,Product B,16,76.19338722023721,20.60240119310763,1219.0941955237954,889.4557764340733
2021-03-24,Product A,5,83.93887408559083,13.560406024808284,419.69437042795414,351.8923403039127
2021-04-02,Product C,11,24.309528335007826,29.2506801950282,267.4048116850861,-54.352670460224104
2021-04-10,Product B,18,77.81259322540312,37.76589544014289,1400.6266780572562,720.8405601346841
2021-02-23,Product C,7,58.69010446256034,46.25491947766057,410.8307312379224,87.0462948942984
2021-05-02,Product A,13,83.59410541267025,39.81688199754494,1086.7233703647132,569.103904396629
2021-03-26,Product A,9,77.28461698477196,14.348742056607225,695.5615528629476,566.4228743534826
2021-07-23,Product B,9,34.11350091308796,31.406025334372423,307.0215082177916,24.367280208439844
2021-11-21,Product C,9,93.49760387677968,13.172885907416285,841.4784348910171,722.9224617242705
2021-09-20,Product A,13,66.2165170281349,32.9111506027259,860.8147213657537,432.9697635303171
2021-02-17,Product C,6,50.85808883683779,31.134011107766995,305.1485330210267,118.34446637442475
2021-05-08,Product C,19,38.21651177387166,10.260698684429297,726.1137237035615,531.1604486994049
2021-05-12,Product B,3,82.68313561778058,40.15253119902802,248.04940685334174,127.59181325625768
2021-12-23,Product C,6,97.65619126220598,35.657002176373254,585.9371475732358,371.9951345149964
2021-06-30,Product A,6,78.84162989099197,28.150202229146267,473.04977934595183,304.1485659710742
2021-12-01,Product A,5,68.78908921523944,46.75866834384482,343.9454460761972,110.15210435697313
2021-05-24,Product B,11,96.0268967890014,28.104191046321773,1056.2958646790153,747.1497631694758
2021-05-29,Product C,18,76.9257280119103,28.44412535480792,1384.6631042143854,872.6688478278427
2021-08-16,Product A,12,56.51781182727325,16.50785091516616,678.213741927279,480.1195309452851
2021-10-07,Product A,18,45.73230731550378,36.59620921720875,823.181531679068,164.44976576931055
2021-07-27,Product B,9,35.096429299334524,16.74050124323292,315.86786369401074,165.20335250491445
2021-12-08,Product C,4,89.8944600190618,22.385502571758536,359.5778400762472,270.03582978921304
2021-02-18,Product C,17,77.83113756065643,37.967648324241296,1323.1293385311592,677.6793170190573
2021-11-02,Product C,12,98.2463130862171,22.24231687791155,1178.955757034605,912.0479544996666
2021-03-11,Product A,19,26.01627045962978,34.112861623487426,494.30913873296583,-153.83523211329526
2021-06-19,Product A,16,45.177924664263145,49.06844398568609,722.8467946282103,-62.248309142767084
2021-06-13,Product B,4,52.517003363449206,11.724729802369676,210.06801345379682,163.1690942443181
2021-04-06,Product A,5,97.00338812734606,25.76831562582532,485.0169406367303,356.17536250760367
2021-07-17,Product B,8,67.26292670707471,45.98939448653523,538.1034136565977,170.18825776431584
2021-04-05,Product B,4,74.40670272392164,33.59472491900206,297.62681089568656,163.24791121967831
2021-09-14,Product C,12,41.668989494045704,47.67100388233623,500.02787392854844,-72.02417265948631
2021-06-28,Product B,16,40.599064522047684,48.01860061342751,649.5850323527629,-118.7125774620772
2021-10-20,Product C,14,47.42173730144443,43.09713016495394,663.9043222202221,60.54449991086689
2021-11-01,Product C,16,26.719755782252584,23.91677358567454,427.51609251604134,44.847715145248685
2021-12-16,Product A,2,95.16124744810773,11.068844772727848,190.32249489621546,168.18480535075977
2021-04-09,Product A,12,52.41288472513672,48.15223436089567,628.9546167016406,51.12780437089262
2021-02-12,Product B,6,36.04012939209145,18.163223460985773,216.24077635254872,107.26143558663406
2021-07-21,Product B,5,47.505122829870324,19.70327087649978,237.5256141493516,139.00925976685272
2021-01-01,Product B,1,35.6631230149879,36.63618358907664,35.6631230149879,-0.9730605740887341
2021-02-13,Product B,6,40.46714226688596,38.08729901946673,242.80285360131575,14.279059484515386
2021-01-24,Product A,12,80.60767735386341,48.360734559068625,967.2921282463609,386.9633135375374
2021-07-07,Product B,14,39.041763618467115,33.81066102345012,546.5846906585396,73.23543633023789
2021-05-11,Product C,8,75.90747450604925,27.613198223360364,607.259796048394,386.3542102615111
2021-04-09,Product A,9,67.46924155797561,14.975253248938788,607.2231740217804,472.4458947813314
2021-03-04,Product C,12,31.606631528671034,44.29641359101568,379.2795783440524,-152.27738474813572
2021-08-11,Product B,2,81.09668905182195,11.770594215619727,162.1933781036439,138.65218967240446
2021-05-04,Product A,15,88.22979957075584,44.08916460252088,1323.4469935613376,662.1095245235244
2021-03-24,Product C,7,96.47899664690587,23.4525584226707,675.3529765283411,511.18506756964615
2021-08-16,Product A,12,96.71994795381336,46.32117365609203,1160.6393754457604,604.785291572656
2021-05-29,Product C,11,76.50966379916495,44.02491330030588,841.6063017908145,357.3322554874498
2021-07-29,Product A,1,43.30756312070449,37.9569904360926,43.30756312070449,5.35057268461189
2021-02-20,Product C,19,23.032933462249872,10.853655332226868,437.6257357827476,231.40628447043707
2021-09-28,Product C,9,51.218433526664555,37.666623946897346,460.965901739981,121.96628621790488
2021-02-11,Product C,7,78.65012866884787,32.47299774997638,550.5509006819351,323.2399164321004
2021-02-28,Product A,12,95.25108903951254,20.087330688790573,1143.0130684741505,901.9651002086636
2021-07-13,Product C,4,29.083228992684262,33.07479143446112,116.33291597073705,-15.966249767107428
2021-02-06,Product C,5,63.37935521837522,43.98175187047576,316.89677609187606,96.98801673949728
2021-09-24,Product B,5,57.9818974269335,18.42606496905903,289.90948713466753,197.77916228937238
2021-03-28,Product C,18,23.65826434659258,23.585933873394353,425.84875823866645,1.301948517568107
2021-02-13,Product B,16,72.05419361022311,13.532432879956108,1152.8670977635697,936.3481716842721
2021-12-27,Product A,9,89.80637541137548,41.13495815863528,808.2573787023794,438.04275527466183
2021-01-12,Product C,10,56.94820853144463,13.973722885382664,569.4820853144463,429.74485646061964
2021-09-16,Product A,19,61.86125780615386,46.47961884379318,1175.3638983169233,292.25114028485285
2021-11-04,Product B,18,34.2231895246891,30.434222404427626,616.0174114444037,68.20140816470649
2021-03-22,Product B,8,29.68947917317835,20.930091834861923,237.5158333854268,70.0750987065314
2021-02-02,Product A,4,69.10782747233954,12.801057902369163,276.43130988935815,225.22707827988148
2021-07-02,Product C,10,77.31280998886012,42.71163031330702,773.1280998886012,346.01179675553107
2021-05-09,Product A,16,43.000269830547246,25.69154467617502,688.0043172887559,276.9396024699556
2021-10-22,Product B,17,59.956040522187884,45.39316651121118,1019.252688877194,247.56885818660402
2021-10-03,Product B,8,96.64475103446789,38.822063019082066,773.1580082757431,462.5815041230866
2021-06-24,Product C,4,22.665883416092694,13.366172481280278,90.66353366437077,37.19884373924966
2021-02-12,Product B,8,38.86507331761074,40.884999712042045,310.9205865408859,-16.15941115545047
2021-07-04,Product C,9,28.24426029413786,42.90520984728239,254.19834264724074,-131.94854597830079
2021-03-19,Product C,6,85.75939460564561,14.007404444321082,514.5563676338736,430.51194096794717
2021-10-14,Product C,6,99.37947636738414,36.80993492382422,596.2768582043049,375.4172486613595
2021-10-08,Product B,2,32.77832053072306,18.83924137544927,65.55664106144611,27.878158310547576
2021-05-06,Product A,15,80.15207224645603,23.41406914454113,1202.2810836968404,851.0700465287234
2021-09-16,Product A,7,42.99031799104114,15.616273870075341,300.93222593728797,191.61830884676058
2021-01-04,Product B,18,46.299572089602485,11.75191056417965,833.3922976128447,621.8579074576111
2021-04-05,Product A,9,94.38784755791283,44.30025854509499,849.4906280212156,450.7883011153606
2021-08-15,Product A,2,77.00185097622214,47.31529751906854,154.0037019524443,59.373106914307215
2021-12-30,Product B,3,84.96596028699102,38.870903995610284,254.89788086097306,138.28516887414222
2021-09-27,Product A,17,56.380915007288905,16.57508044146043,958.4755551239114,676.6991876190841
2021-10-24,Product B,3,46.181014264813946,10.036516781634784,138.54304279444185,108.4334924495375
2021-11-25,Product C,12,31.064539706333765,24.538686065711595,372.7744764760052,78.31024368746604
2021-01-20,Product C,11,70.03025438038193,31.812559768995254,770.3327981842012,420.39464072525345
2021-04-06,Product A,5,74.38680589252905,26.678538176955744,371.9340294626453,238.54133857786655
2021-11-25,Product B,15,94.4317943273868,36.702360513266115,1416.476914910802,865.9415072118102
2021-09-06,Product C,8,30.012315050656362,21.134535722385813,240.0985204052509,71.02223462616439
2021-06-30,Product B,6,78.96483569210885,21.59810570957035,473.78901415265307,344.200379895231
2021-11-20,Product B,15,63.72320130558177,10.242421337793836,955.8480195837265,802.211699516819
2021-11-14,Product B,19,56.586408541608975,35.66069188743123,1075.1417622905706,397.5886164293772
2021-09-28,Product A,15,80.233470394774,43.83935493846148,1203.50205592161,545.9117318446878
2021-12-19,Product C,16,68.58204121865201,46.64972178085156,1097.3126594984321,350.9171110048072
2021-09-18,Product A,1,28.220355495683698,33.486260553860134,28.220355495683698,-5.265905058176436
2021-08-26,Product B,7,53.53251186004968,17.66612538873124,374.72758302034777,251.0647052992291
2021-05-20,Product C,10,99.65361549087095,26.41286024614363,996.5361549087095,732.4075524472732
2021-03-28,Product A,2,81.40441792706616,24.307374022186377,162.80883585413233,114.19408780975957
2021-04-20,Product C,12,81.00643025418142,12.29165918412733,972.0771630501771,824.5772528406492
2021-11-28,Product A,7,93.7764908512531,10.56330757212693,656.4354359587717,582.4922829538832
2021-07-04,Product B,9,78.35083745752743,22.421668767908557,705.1575371177469,503.3625182065699
2021-01-17,Product C,5,87.83877520476332,38.37197951330706,439.19387602381664,247.33397845728132
2021-06-02,Product B,13,52.08667312569088,36.037460069760876,677.1267506339814,208.63976972709006
2021-05-30,Product B,4,52.01157271629597,40.6105833546695,208.0462908651839,45.60395744650589
2021-04-21,Product C,6,96.56254603398426,45.00941692409387,579.3752762039055,309.31877465934235
2021-01-26,Product C,13,80.59949121083241,47.95237045691544,1047.7933857408213,424.41256980092066
2021-04-28,Product A,19,57.705236234004005,41.92488095403053,1096.399488446076,299.82675031949606
2021-03-25,Product A,1,59.167730427451986,11.62272455567248,59.167730427451986,47.54500587177951
2021-06-11,Product B,2,21.327260196688478,48.74394443491007,42.654520393376956,-54.833368476443184
2021-12-27,Product A,14,38.378687119370554,22.589111952858186,537.3016196711877,221.05405233117315
2021-08-17,Product C,17,57.704175047793996,45.351872853316394,980.970975812498,209.98913730611923
2021-09-09,Product C,12,43.50389915620675,15.37650124505336,522.046789874481,337.5287749338406
2021-05-02,Product C,15,98.54528687711642,36.2277720163994,1478.1793031567463,934.7627229107554
2021-11-23,Product B,14,29.241777625366545,22.850589349648153,409.3848867551316,89.47663586005748
2021-10-15,Product A,9,60.44463975928962,41.7636136872854,544.0017578336066,168.129234648038
2021-01-14,Product A,4,20.793007920228668,15.141633366699585,83.17203168091467,22.60549821411633
2021-11-24,Product A,10,41.801470981355145,30.317833827179477,418.01470981355146,114.83637154175668
2021-07-04,Product A,18,37.95446939657906,49.28235517323431,683.180449138423,-203.9019439797945
2021-06-02,Product A,6,68.4071460154595,39.02498150234979,410.44287609275705,176.29298707865829
2021-03-21,Product A,12,90.97751564874417,15.083813908903698,1091.73018778493,910.7244208780858
2021-02-11,Product A,14,65.31547977543958,36.32869115896224,914.4167168561542,405.8150406306828
2021-10-02,Product B,10,71.52820357195571,36.855867070536576,715.2820357195571,346.72336501419136
2021-02-10,Product A,14,42.393870569349076,43.03125341929826,593.5141879708871,-8.92335989928857
2021-07-27,Product A,14,44.70931910374124,21.86927231755265,625.9304674523773,319.7606550066402
2021-09-25,Product A,17,59.92041942316804,15.872813007628078,1018.6471301938567,748.8093090641793
2021-06-16,Product B,18,65.48477307803972,43.86858101491436,1178.7259154047151,389.0914571362565
2021-04-22,Product A,14,63.70631365324786,24.594292523671633,891.88839114547,547.5682958140671
2021-12-16,Product B,8,40.80370772563184,27.570998949314088,326.4296618050547,105.861670210542
2021-05-10,Product B,18,31.677871236573203,48.39308597510413,570.2016822583176,-300.87386529355666
2021-08-12,Product B,5,49.46978911777924,28.339646487325965,247.3489455888962,105.65071315226639
2021-10-28,Product C,12,82.72955852021798,13.264555521790214,992.7547022426157,833.5800359811332
2021-08-05,Product A,16,67.69064157901502,36.44111904231487,1083.0502652642404,499.9923605872025
2021-01-25,Product C,9,34.54984318388199,38.671156401078505,310.9485886549379,-37.09181895476864
2021-03-09,Product A,7,38.65741919779748,28.691176252586367,270.60193438458236,69.76370061647779
2021-09-17,Product B,8,92.33537819137645,38.12060610614772,738.6830255310116,433.71817668182985
2021-08-23,Product B,12,51.695027791614656,25.84340834956677,620.3403334993759,310.21943330457464
2021-07-24,Product A,6,88.29607160483852,46.02587484956842,529.7764296290311,253.6211805316206
2021-10-19,Product A,18,98.19768779676151,40.823863296501344,1767.5583803417073,1032.728841004683
2021-08-03,Product B,10,48.6293839400463,21.17239474530411,486.293839400463,274.5698919474219
2021-07-09,Product A,1,21.03341462111797,28.886068015585288,21.03341462111797,-7.852653394467318
2021-07-17,Product A,7,78.22310004736127,38.88798930608971,547.5617003315289,275.3457751889009
2021-08-04,Product C,8,58.835050826764856,31.366990000734102,470.68040661411885,219.74448660824604
2021-02-13,Product B,19,90.99374530409284,30.797591729057643,1728.8811607777639,1143.7269179256687
2021-02-02,Product C,7,33.538327230952156,43.701542150112104,234.7682906166651,-71.14250443411964
2021-01-12,Product B,4,39.45980401700959,36.1081252750124,157.83921606803835,13.406714967988762
2021-04-15,Product C,6,57.73133886145434,47.61884272709089,346.38803316872605,60.67497680618068
2021-08-01,Product A,10,30.86206320146495,20.86344608821814,308.62063201464946,99.98617113246809
2021-05-19,Product A,6,48.82671987264664,13.989310521001542,292.96031923587987,209.02445610987058
2021-07-02,Product B,17,21.245097978475176,17.439323009104875,361.166665634078,64.69817447929512
2021-05-06,Product B,7,84.14243446282472,17.593107744011537,588.9970412397731,465.84528703169235
2021-06-06,Product B,12,28.056326526575326,32.16795027945291,336.6759183189039,-49.33948503453101
2021-04-22,Product C,18,67.66863549169683,30.47682435124823,1218.035438850543,669.452600528075
2021-09-16,Product B,8,40.978505041903034,33.76078912957458,327.8280403352243,57.74172729862761
2021-01-28,Product A,19,22.401197700404314,18.04226114584603,425.622756307682,82.81979453660739
2021-08-06,Product B,11,28.775612230825836,19.571335288805148,316.5317345390842,101.24704636222756
2021-06-01,Product A,7,75.93721342991743,12.278250868508165,531.5604940094221,445.61273792986486
2021-11-06,Product C,5,91.28498514838124,11.012861516632139,456.4249257419062,401.36061815874547
2021-11-04,Product A,8,24.37421994055392,24.218038490758225,194.99375952443137,1.2494515983655674
2021-06-24,Product A,16,42.514931537079754,39.85258189281652,680.2389045932761,42.5975943082118
2021-05-29,Product C,14,51.87453648591465,38.00445697863063,726.2435108028052,194.18111310197634
2021-01-30,Product A,4,98.29460972200185,36.61243076821157,393.1784388880074,246.72871581516114
2021-03-09,Product C,7,55.41343580546478,10.858816260754356,387.8940506382535,311.88233681297294
2021-02-05,Product C,12,85.98887012228182,47.94080857207312,1031.866441467382,456.5767386025045
2021-10-23,Product C,8,42.48959008535476,23.61589865209792,339.9167206828381,150.98953146605476
2021-03-15,Product A,12,57.45357660219742,27.364298909119015,689.4429192263691,361.0713323169409
2021-10-25,Product C,17,86.06893122524644,42.05013065188767,1463.1718308291895,748.3196097470992
2021-10-30,Product B,5,81.49536717551396,13.66118382559252,407.4768358775698,339.1709167496072
2021-08-07,Product A,19,39.08528205781343,17.074103458689702,742.6203590984552,418.21239338335084
2021-12-31,Product A,12,40.21739902204714,23.024478112415757,482.60878826456565,206.3150509155766
2021-09-17,Product B,3,63.87783881059072,43.73543461708365,191.63351643177214,60.42721258052121
2021-10-15,Product B,17,95.0412003838145,37.4312909144234,1615.7004065248466,979.3684609796487
2021-09-23,Product B,10,29.594235038078764,24.33577588886937,295.9423503807876,52.584591492093935
2021-01-28,Product B,6,81.76495904259475,47.33463179478494,490.58975425556855,206.58196348685888
2021-07-19,Product C,9,79.00804358497695,41.34805406993557,711.0723922647925,338.9399056353724
2021-03-03,Product A,18,88.06205177861172,10.417894179515717,1585.116932015011,1397.5948367837282
2021-12-08,Product A,17,91.13602942032293,28.01161864873905,1549.3125001454898,1073.114983116926
2021-12-20,Product B,13,90.6740365367764,27.002787224554318,1178.7624749780932,827.726241058887
2021-02-14,Product C,6,92.07327188825656,19.423997204206064,552.4396313295393,435.89564810430295
2021-10-18,Product C,19,98.45638721281604,21.270138522432624,1870.6713570435047,1466.5387251172851
2021-03-30,Product B,13,46.59436326217165,37.3138744496696,605.7267224082315,120.64635456252665
2021-02-03,Product B,2,94.32090629412984,19.617940839262108,188.64181258825968,149.40593090973547
2021-05-14,Product B,11,95.8048249184736,39.61322197339909,1053.8530741032096,618.1076323958196
2021-08-21,Product B,4,71.85458228235862,28.776280250249293,287.4183291294345,172.3132081284373
2021-09-13,Product C,17,73.1672595257026,13.186135727430322,1243.8434119369442,1019.6791045706287
2021-02-06,Product A,7,48.684684371692256,26.261328227941732,340.7927906018458,156.96349300625366
2021-09-14,Product C,1,79.62431406059538,41.66062960667568,79.62431406059538,37.963684453919704
2021-10-18,Product A,8,68.20487564281864,15.170304776063844,545.6390051425491,424.2765669340383
2021-07-17,Product A,4,82.9055181744522,30.10742359036454,331.6220726978088,211.19237833635063
2021-09-12,Product A,5,32.281088460399026,17.452744610809518,161.40544230199512,74.14171924794755
2021-03-22,Product C,13,85.16741267894557,47.05434995827706,1107.1763648262925,495.4698153686906
2021-05-17,Product B,18,77.87052948063545,31.94013357910798,1401.6695306514382,826.7471262274946
2021-07-09,Product B,9,63.675624475833814,16.61061669424129,573.0806202825044,423.5850700343327
2021-05-10,Product C,16,40.77732111607277,32.36192291600845,652.4371378571643,134.64637120102907
2021-07-29,Product C,7,27.813936398185454,48.343653382291905,194.69755478729817,-143.70801888874516
2021-10-19,Product A,11,58.78666535253326,43.190641790982426,646.6533188778659,171.5562591770592
2021-12-14,Product C,2,31.569724725963084,23.604273176338406,63.13944945192617,15.930903099249356
2021-06-18,Product A,5,80.94185337344152,39.7441849895162,404.7092668672076,205.98834191962658
2021-10-20,Product C,5,93.9647146540264,37.45790496572221,469.823573270132,282.53404844152095
2021-06-26,Product B,14,85.62570428198478,39.93063491798337,1198.759859947787,639.7309710960197
2021-01-26,Product B,14,46.43671275758108,29.33938839860238,650.1139786061351,239.36254102570174
2021-11-20,Product B,10,31.680347890919318,46.76071045617866,316.8034789091932,-150.80362565259338
2021-12-26,Product C,9,20.63306026316784,24.902890857754617,185.69754236851057,-38.42847535128098
2021-10-19,Product A,7,73.09265054694885,48.5016038304309,511.6485538286419,172.1373270156256
2021-04-25,Product B,13,35.008966336864134,14.897063829334712,455.11656237923376,261.45473259788247
2021-10-14,Product A,3,77.3243459331849,47.29940737034728,231.9730377995547,90.07481568851286
2021-01-30,Product B,4,66.0346251599768,40.49184187007804,264.1385006399072,102.17113315959503
2021-08-30,Product A,9,57.60139863570353,48.208120603915916,518.4125877213318,84.53950228608855
2021-10-17,Product C,17,81.40313932954541,32.145341185860055,1383.853368602272,837.3825684426511
2021-05-27,Product C,6,98.48529783522889,47.46732122806019,590.9117870113733,306.1078596430122
2021-10-01,Product A,9,30.287531594477734,16.784408367768485,272.5877843502996,121.52810904038324
2021-08-10,Product C,6,64.04149504584561,11.195890682563384,384.24897027507365,317.0736261796933
2021-12-07,Product A,5,45.057830825218275,38.0266219968079,225.28915412609138,35.15604414205189
2021-01-03,Product C,12,22.23643041835551,44.53964568488353,266.8371650202661,-267.6385831983363
2021-03-11,Product C,3,22.347701353559806,45.8756374768472,67.04310406067941,-70.5838083698622
2021-12-24,Product A,7,66.20976036718247,12.458859911127576,463.4683225702773,376.2563031923843
2021-02-14,Product B,7,26.633235456292894,24.129298456641077,186.43264819405027,17.527558997562718
2021-09-11,Product B,13,23.514260982586794,27.772186700636713,305.68539277362834,-55.35303433464894
2021-11-19,Product B,18,33.83028269829793,47.048966579358286,608.9450885693627,-237.93630985908644
2021-04-22,Product A,17,56.78917441311288,21.717533806720667,965.415965022919,596.2178903086676
2021-04-02,Product B,6,60.06141275835225,37.53502871138533,360.3684765501135,135.15830428180152
2021-12-08,Product C,1,93.2213215791633,18.7955664937863,93.2213215791633,74.425755085377
2021-02-09,Product B,11,53.573534741133344,34.509070795201,589.3088821524668,209.7091034052558
2021-05-31,Product C,18,28.6223051270547,14.524934820353547,515.2014922869846,253.75266552062078
2021-05-26,Product B,13,38.4732739579733,40.18186638694155,500.1525614536529,-22.21170157658728
2021-07-18,Product B,5,95.63269489833466,11.781977186177382,478.1634744916733,419.2535885607864
2021-10-02,Product A,11,67.61216305496369,49.93372749617422,743.7337936046006,194.46279114668414
2021-12-15,Product C,2,48.42740929224103,42.05620205494379,96.85481858448206,12.742414474594483
2021-02-13,Product C,10,91.41692143357449,34.5078661202117,914.1692143357449,569.0905531336279
2021-03-25,Product C,17,44.04593649105469,40.74001694515903,748.7809203479297,56.20063228022626
2021-10-25,Product B,14,90.48757600829632,10.121059908401634,1266.8260641161485,1125.1312253985257
2021-04-04,Product B,10,29.69069861020456,27.135804649023033,296.9069861020456,25.54893961181527
2021-06-24,Product A,13,95.05834857835706,33.74488593261978,1235.7585315186418,797.0750143945845
2021-07-21,Product A,13,95.0149085948849,49.04805528533496,1235.1938117335037,597.5690930241492
2021-12-12,Product A,12,47.621587933504074,24.6345390268186,571.4590552020488,275.8445868802257
2021-11-26,Product B,17,21.403900816637858,48.8196400403094,363.8663138828436,-466.06756680241625
2021-01-29,Product A,19,48.24331473801792,30.62197070362684,916.6229800223405,334.8055366534306
2021-07-29,Product C,6,34.464881218775645,12.775265437801554,206.78928731265387,130.13769468584454
2021-04-16,Product A,15,41.28536811549868,34.660038540636634,619.2805217324801,99.37994362293065
2021-03-05,Product B,5,70.05463018153142,42.88333668608778,350.2731509076571,135.85646747721822
2021-01-17,Product A,19,55.447854851593654,45.485379985389955,1053.5092421802794,189.28702245787028
2021-04-17,Product C,5,78.90501536954946,31.153418733545063,394.5250768477473,238.75798318002197
2021-06-14,Product C,19,70.96296307750109,27.79265751189229,1348.2962984725207,820.2358057465672
2021-04-05,Product C,16,44.04457644238864,35.523676547276345,704.7132230782182,136.3343983217967
2021-01-25,Product B,1,45.91012308256494,12.496364187170329,45.91012308256494,33.41375889539461
2021-04-27,Product C,18,83.85171253211558,47.66917652300214,1509.3308255780805,651.285648164042
2021-07-11,Product A,6,62.573043857788306,19.596334922979114,375.4382631467298,257.86025360885515
2021-07-15,Product A,12,30.190447423954456,35.09494319152051,362.2853690874535,-58.85394921079261
2021-11-04,Product C,13,66.9378493625577,34.14178281789347,870.1920417132501,426.34886508063494
2021-05-17,Product B,6,31.038315099289946,38.867780145741584,186.22989059573968,-46.97679027870983
2021-12-14,Product C,9,89.49665320895858,44.141274369788746,805.4698788806272,408.19840955252846
2021-04-04,Product A,15,30.341615594510316,20.107420090499673,455.12423391765475,153.51293256015964
2021-08-27,Product A,17,73.55264959130976,18.276952551168087,1250.395043052266,939.6868496824085
2021-03-29,Product C,17,91.74482973313678,39.849257077103566,1559.6621054633254,882.2247351525647
2021-06-10,Product B,11,27.84988203607364,17.459547941823708,306.34870239681004,114.29367503674926
2021-05-28,Product A,6,62.418574393208075,48.24171240209477,374.51144635924845,85.06117194667983
2021-03-14,Product B,16,96.64726989481312,17.890239783793117,1546.35631831701,1260.11248177632
2021-03-29,Product C,4,42.23542230495667,31.05878314763209,168.94168921982669,44.70655662929832
2021-01-14,Product A,7,42.485435195815874,36.25088231747151,297.39804637071114,43.64187014841057
2021-11-11,Product A,17,57.60419201305508,16.826882696122993,979.2712642219365,693.2142583878456
2021-03-23,Product A,19,95.81626349802234,25.437711989269015,1820.5090064624244,1337.192478666313
2021-05-01,Product A,17,84.08109537267573,41.16305014680975,1429.3786213354874,729.6067688397217
2021-11-17,Product A,11,41.69485060074291,22.006215189611357,458.643356608172,216.57498952244708
2021-07-23,Product A,16,38.52682850793088,23.767925072285966,616.4292561268941,236.14245497031862
2021-08-09,Product C,2,35.889340006755795,18.164849977388982,71.77868001351159,35.448980058733625
2021-10-09,Product A,11,54.37803996942846,40.341964500799705,598.158439663713,154.39683015491627
2021-10-16,Product A,13,84.63245424839374,19.579167790042963,1100.2219052291186,845.6927239585602
2021-09-28,Product C,3,32.18417647749075,20.833607347242356,96.55252943247226,34.051707390745186
2021-10-12,Product A,19,69.36477434110772,29.63518594444483,1317.9307124810466,754.8621795365949
2021-10-04,Product A,8,57.7832309031647,17.67162862026948,462.2658472253176,320.89281826316176
2021-11-21,Product C,8,71.70566479097822,19.18499415887803,573.6453183278257,420.16536505680153
2021-01-23,Product A,2,52.27881585418928,47.049133435620185,104.55763170837857,10.459364837138196
2021-08-16,Product A,13,80.78577689504708,42.08325148359616,1050.215099635612,503.13283034886194
2021-03-25,Product C,13,45.68060218894792,20.74446959245719,593.847828456323,324.1697237543795
2021-05-16,Product A,8,77.77339146367422,37.964367211144086,622.1871317093937,318.47219402024103
2021-03-03,Product C,13,96.77267042701946,24.570148319082918,1258.044715551253,938.6327874031751
2021-05-22,Product A,17,66.33934011097828,27.00102485052156,1127.768781886631,668.7513594277643
2021-01-06,Product A,17,70.76485343002521,38.23437593204966,1203.0025083104285,553.0181174655844
2021-09-14,Product C,7,61.98409598068636,42.21830834375395,433.88867186480456,138.3605134585269
2021-05-17,Product B,5,58.876030158005825,20.54211782307143,294.3801507900291,191.66956167467197
2021-07-27,Product C,14,33.48374556187742,16.950103095662836,468.7724378662839,231.47099452700417
2021-05-20,Product B,13,75.00391660507536,27.595961926737726,975.0509158659797,616.3034108183892
2021-01-05,Product B,2,68.49374910499895,20.063972217265995,136.9874982099979,96.85955377546591
2021-12-15,Product A,19,64.23086083854639,42.15381447517809,1220.3863559323813,419.4638809039978
2021-10-10,Product C,7,44.51415829574718,16.756515143822142,311.5991080702303,194.30350206347526
2021-03-16,Product B,3,51.55931264560749,23.071023037798206,154.67793793682247,85.46486882342785
2021-11-05,Product B,15,54.655508467637205,17.727985475247237,819.832627014558,553.9128448858495
2021-08-08,Product B,14,72.59880770369713,11.32576980551244,1016.3833078517598,857.8225305745857
2021-11-04,Product B,6,78.0714901406847,33.35837463288668,468.4289408441082,268.27869304678813
2021-08-16,Product C,14,45.03627656881026,41.201351982530234,630.5078719633436,53.68894420792034
2021-12-28,Product A,12,69.17891972292986,42.70912995826235,830.1470366751583,317.6374771760101
2021-10-02,Product A,6,49.629941495328744,37.53879494674867,297.77964897197245,72.54687929148042
2021-10-18,Product B,18,58.81693384424041,40.51211158195926,1058.7048091963275,329.4868007210607
2021-02-21,Product A,13,26.553400014120207,27.742609016958326,345.1942001835627,-15.459717036895547
2021-06-08,Product B,7,66.29420994897428,14.57220194135623,464.05946964282,362.0540560533264
2021-11-11,Product A,16,91.71536953826046,20.882555130969273,1467.4459126121674,1133.325030516659
2021-11-08,Product A,10,96.27242772026787,32.42943290028519,962.7242772026786,638.4299481998268
2021-10-02,Product C,11,46.77081049362768,47.1952249233677,514.4789154299044,-4.668558727140201
2021-12-10,Product B,9,33.6100880504869,37.19848949544992,302.49079245438213,-32.29561300466717
2021-11-23,Product C,17,98.13124767451141,17.39190289796969,1668.231210466694,1372.5688612012093
2021-02-23,Product A,6,83.73640015569757,28.58179623723041,502.4184009341854,330.92762351080296
2021-11-01,Product B,7,43.45411617459331,43.49603437843287,304.17881322215317,-0.29342742687690304
2021-04-05,Product B,17,20.359203517840516,13.870816700251908,346.1064598032888,110.30257589900634
2021-03-01,Product B,7,41.13634113793382,13.166385932271357,287.95438796553674,195.78968643963722
2021-12-03,Product B,17,96.39562135317473,47.49951144974871,1638.7255630039704,831.2338683582424
2021-06-04,Product B,7,57.941343439287394,44.93715014915128,405.58940407501177,91.0293530309528
2021-05-05,Product B,2,43.54512111021218,27.145794108540148,87.09024222042436,32.79865400334406
2021-06-13,Product A,16,47.39141726853687,38.961695420350395,758.2626762965899,134.8755495709836
2021-02-28,Product B,2,38.335746797553476,41.37410365679931,76.67149359510695,-6.076713718491675
2021-04-17,Product A,15,65.22435246483886,23.214344471788873,978.3652869725829,630.1501198957498
2021-07-21,Product C,1,37.37336513057936,27.44938272739086,37.37336513057936,9.9239824031885
2021-10-28,Product A,5,75.67132421715864,44.42650088901756,378.3566210857932,156.2241166407054
2021-09-27,Product C,8,57.821049024215924,10.534765451987944,462.5683921937274,378.29026857782384
2021-11-23,Product B,3,32.72078459275165,23.532319612547354,98.16235377825495,27.565394940612883
2021-02-08,Product A,18,99.07250732638565,48.82844140106649,1783.3051318749417,904.3931866557448
2021-06-17,Product A,15,51.81838104957932,28.328797106147007,777.2757157436898,352.34375915148473
2021-05-17,Product A,5,51.1551734005762,26.21675137942221,255.775867002881,124.69211010576997
2021-01-14,Product C,10,55.428275909030575,11.301808767729135,554.2827590903057,441.2646714130144
2021-07-28,Product B,9,37.40568782359688,39.1539618005264,336.6511904123719,-15.734465792365725
2021-01-23,Product A,17,97.02618468222099,47.643416274578705,1649.4451395977567,839.5070629299188
2021-12-02,Product C,8,53.95992441106778,37.90965916153874,431.67939528854225,128.40212199623232
2021-09-22,Product A,12,66.8930714981791,36.295760032877766,802.7168579781492,367.167737583616
2021-08-16,Product A,11,47.13766547093154,47.28175379341245,518.514320180247,-1.5849715472900243
2021-09-20,Product A,14,58.44461548456427,16.161358291996276,818.2246167838997,591.9656006959518
2021-07-29,Product A,16,92.32723374540038,14.161715402645306,1477.235739926406,1250.648293484081
2021-03-02,Product C,10,33.40908130749811,37.4243807844349,334.09081307498116,-40.15299476936789
2021-02-26,Product B,6,83.47212696105865,12.945865695860874,500.8327617663519,423.15756759118665
2021-08-26,Product B,3,56.970912463018735,46.35329591241372,170.9127373890562,31.852849651815042
2021-06-01,Product A,7,40.55529481366469,37.39428837099446,283.88706369565284,22.127045098691596
2021-10-08,Product C,10,74.91758079475102,41.02339360875543,749.1758079475102,338.9418718599559
2021-01-05,Product B,14,39.546606002332695,45.918888929624,553.6524840326578,-89.21196098207832
2021-04-11,Product B,6,32.269955807782495,13.305831623182268,193.61973484669497,113.78474510760137
2021-11-02,Product A,7,46.41249183526324,23.478807907319464,324.88744284684265,160.53578749560643
2021-12-10,Product A,4,43.430634409007084,32.166583063850275,173.72253763602833,45.05620538062723
2021-01-31,Product C,12,78.42958109658602,44.15342632418715,941.1549731590322,411.3138572687864
2021-02-24,Product B,11,81.28037938765848,32.23951934668231,894.0841732642433,539.449460450738
2021-06-03,Product A,12,28.466545810602113,32.96601235084666,341.59854972722536,-53.99359848293457
2021-10-04,Product C,15,81.43041236098551,32.92210413366606,1221.4561854147828,727.6246234097918
2021-12-20,Product C,12,40.525471655099324,36.629706399877804,486.3056598611919,46.74918306265823
2021-12-24,Product C,17,38.12449671790936,38.96385132032467,648.1164442044591,-14.269028241060312
2021-07-05,Product B,4,76.46018909964272,37.4417909437589,305.8407563985709,156.07359262353526
2021-01-30,Product B,18,89.9001847346617,15.526359893151698,1618.2033252239107,1338.7288471471802
2021-11-06,Product B,17,68.57932394282793,49.62536318952196,1165.8485070280747,322.2173328062014
2021-04-30,Product C,11,95.13044040531678,44.08096236305794,1046.4348444584846,561.5442584648472
2021-12-09,Product C,10,73.23411447764869,28.904978269144674,732.3411447764869,443.2913620850401
2021-01-08,Product A,4,88.37163738141433,35.738097584132454,353.4865495256573,210.5341591891275
2021-04-16,Product A,16,61.64977521183749,20.69169272797767,986.3964033893999,655.3293197417572
2021-05-18,Product B,5,90.85764972036719,43.196378518996525,454.28824860183596,238.30635600685332
2021-07-02,Product B,7,29.211835840413762,34.04107383256715,204.48285088289634,-33.804665945073715
2021-12-06,Product A,8,50.912083266086725,20.5044353288725,407.2966661286938,243.2611834977138
2021-07-29,Product B,18,43.15283749027907,43.63334845829638,776.7510748250232,-8.649197424311637
2021-05-29,Product A,13,31.938867766032857,13.938113798823707,415.2052809584271,234.00980157371896
2021-09-17,Product A,7,31.95311358287214,20.206312311304778,223.671795080105,82.22760890097155
2021-05-07,Product A,12,55.42914358105443,23.496724128968797,665.1497229726532,383.1890334250276
2021-10-26,Product C,12,55.394842679908976,14.967933745182243,664.7381121589077,485.1229072167208
2021-03-07,Product B,15,92.85693970614926,28.572030669150642,1392.854095592239,964.2736355549791
2021-01-21,Product C,12,95.28722338197731,40.62925605892169,1143.4466805837278,655.8956078766674
2021-10-20,Product B,7,21.526127724815687,26.28726468055362,150.6828940737098,-33.327958690165524
2021-11-21,Product C,14,40.730777987449855,37.79516162054882,570.2308918242979,41.09862913661452
2021-04-23,Product B,14,20.67569113462288,17.761313224450895,289.45967588472035,40.8012907424078
2021-05-19,Product B,18,90.51301002253891,43.081201097037805,1629.2341804057003,853.7725606590199
2021-08-26,Product A,9,62.56881583765065,16.819486947884435,563.1193425388558,411.7439600078959
2021-12-27,Product C,5,32.890764842771254,38.04994786688795,164.45382421385628,-25.795915120583466
2021-12-14,Product C,19,86.43784815931254,21.263571142526743,1642.319115026938,1238.31126331893
2021-02-13,Product B,17,25.739306100357577,42.683470876441675,437.5682037060788,-288.05080119342966
2021-03-05,Product C,3,88.28998595395049,48.585635142596495,264.8699578618515,119.11305243406198
2021-09-23,Product B,9,21.292705292236967,41.08104071872167,191.6343476301327,-178.0950188383623
2021-04-02,Product B,12,56.39122827726173,12.158503727695717,676.6947393271407,530.7926945947922
2021-04-22,Product A,16,48.31734588529238,11.575520339071495,773.0775341646781,587.8692087395342
2021-12-06,Product B,16,71.91989306102776,10.8406183783652,1150.7182889764442,977.268394922601
2021-11-29,Product C,14,64.01728139806023,47.407337339127665,896.2419395728433,232.53921682505597
2021-10-02,Product A,15,48.30449846238103,17.15661709074403,724.5674769357154,467.21822057455495
2021-11-27,Product B,15,98.88469198989782,44.173703961596125,1483.2703798484672,820.6648204245254
2021-08-15,Product A,19,54.347503641029,39.33658218775882,1032.602569179551,285.2075076121334
2021-08-14,Product A,15,58.775676810444544,37.039015427003584,881.6351521566681,326.0499207516144
2021-05-12,Product B,14,70.30483672530343,11.88035156352015,984.2677141542481,817.9427922649659
2021-08-17,Product C,2,27.932852154688135,32.79354611116541,55.86570430937627,-9.721387912954555
2021-11-11,Product B,5,90.51363711170733,48.930221106401795,452.56818555853664,207.91708002652766
2021-05-09,Product B,11,65.28020959454815,35.85978550859726,718.0823055400297,323.6246649454598
2021-10-23,Product B,19,74.05513701063762,21.565867989109528,1407.0476032021147,997.2961114090338
2021-01-25,Product B,5,93.81117212489414,40.704319882582126,469.0558606244707,265.5342612115601
2021-07-06,Product B,9,71.3872804580846,29.40956617631914,642.4855241227615,377.7994285358892
2021-10-20,Product C,10,25.73876117723673,14.677290908410022,257.3876117723673,110.61470268826707
2021-12-22,Product A,15,26.68628293526212,45.047166599357624,400.2942440289318,-275.41325496143253
2021-11-22,Product C,14,65.45850130381918,42.180983472534535,916.4190182534685,325.885249637985
2021-05-15,Product B,13,29.333217323259653,11.068885727378515,381.3318252023755,237.4363107464548
2021-01-04,Product A,15,23.4307585587053,11.628403017278956,351.4613783805795,177.03533312139515
2021-08-15,Product A,9,50.69295898636668,17.548065946667172,456.2366308773002,298.3040373572956
2021-06-18,Product A,14,98.24899373294139,44.52146791702086,1375.4859122611795,752.1853614228874
2021-10-12,Product C,10,63.97681990978046,17.7825933032582,639.7681990978047,461.9422660652226
2021-11-21,Product C,15,90.78495148943534,46.86895253392693,1361.7742723415301,658.7399843326262
2021-01-27,Product C,13,56.228446370826816,30.434577269079256,730.9698028207486,335.32029832271826
2021-08-13,Product B,6,94.45243656459232,21.490091526216716,566.714619387554,437.77407023025364
2021-09-06,Product C,14,22.393163574043253,15.00147490061066,313.50429003660554,103.4836414280563
2021-07-21,Product C,12,77.556008882858,33.198089867302414,930.6721065942959,532.295028186667
2021-07-17,Product C,13,96.42863107229114,45.86128754110097,1253.572203939785,657.3754659054722
2021-05-16,Product A,10,57.565338568748096,34.81452408303795,575.653385687481,227.50814485710146
2021-05-06,Product A,18,40.30840376139453,27.372259916228735,725.5512677051015,232.8505892129843
2021-04-05,Product B,9,72.12033778690477,35.00036195990542,649.0830400821429,334.07978244299414
2021-03-14,Product A,16,50.557926629573586,39.38963797819531,808.9268260731774,178.69261842205242
2021-09-04,Product B,1,47.083381603880426,19.566364972257393,47.083381603880426,27.517016631623033
2021-12-07,Product A,13,48.59102941404282,20.799968334693947,631.6833823825567,361.28379403153536
2021-05-16,Product B,17,52.93355370736143,45.694101341719396,899.8704130251443,123.07069021591464
2021-07-15,Product B,19,56.071615933911886,41.22809305941807,1065.3607027443259,282.02693461538246
2021-08-02,Product A,13,33.33637336290187,39.05869489785104,433.3728537177243,-74.39017995433926
2021-04-19,Product A,19,74.10190068116222,36.82392124674536,1407.9361129420822,708.2816092539204
2021-11-20,Product C,18,87.2158472448983,30.773665454833864,1569.8852504081694,1015.9592722211598
2021-04-13,Product C,12,78.74336625063118,24.496518307742758,944.9203950075741,650.9621753146611
2021-12-07,Product B,16,53.566821520490265,25.67170851791836,857.0691443278442,446.32180804115046
2021-11-24,Product B,18,33.29090999809889,13.173939280451439,599.23637996578,362.10547291765414
2021-03-25,Product B,13,76.9455369996298,45.44768404445594,1000.2919809951874,409.4720884172601
2021-08-12,Product A,9,24.21273706330128,10.840793666836417,217.91463356971153,120.34749056818376
2021-09-14,Product A,8,60.1557098585538,43.788909018581954,481.2456788684304,130.93440671977476
2021-05-14,Product C,12,95.98368276740932,28.222019919728446,1151.8041932089118,813.1399541721704
2021-12-14,Product A,8,48.119644495201385,17.371393634864223,384.9571559616111,245.9860068826973
2021-04-18,Product B,4,78.69391881755031,34.91955392656389,314.77567527020125,175.09745956394568
2021-01-08,Product C,10,94.77652643923774,30.52562578637099,947.7652643923774,642.5090065286674
2021-05-30,Product A,10,29.2936603388737,35.62724826341673,292.936603388737,-63.33587924543032
2021-06-21,Product B,12,68.73206536379962,24.630827614400918,824.7847843655954,529.2148529927845
2021-02-16,Product A,18,65.05190965708303,41.9423300371412,1170.9343738274945,415.972433158953
2021-01-01,Product A,19,59.48662477037229,27.129288129811684,1130.2458706370735,614.7893961706515
2021-12-27,Product A,17,60.88431196889968,25.539603854747384,1035.0333034712946,600.8600379405891
2021-06-29,Product B,1,51.903008769753214,35.05521657701965,51.903008769753214,16.847792192733564
2021-02-08,Product B,8,30.855427860799807,43.44336526598712,246.84342288639846,-100.70349924149849
2021-03-31,Product A,19,36.80966627797879,13.508107130563861,699.383659281597,442.7296238008837
2021-03-16,Product B,12,24.509722930220885,27.497835048000574,294.1166751626506,-35.85734541335627
2021-08-15,Product A,13,86.48834094152673,28.919181504666753,1124.3484322398474,748.3990726791797
2021-05-04,Product C,14,21.21642491402411,31.277626104319754,297.0299487963375,-140.85681666413902
2021-12-10,Product B,9,38.17484643124476,23.038942291864867,343.57361788120284,136.22313725441904
2021-04-07,Product A,9,87.39681695425307,17.345265176791823,786.5713525882776,630.4639659971511
2021-12-06,Product A,19,93.2818695706776,19.139746412692208,1772.3555218428744,1408.7003400017225
2021-10-10,Product A,18,45.87824627938413,19.866122005729654,825.8084330289144,468.21823692578056
2021-07-26,Product C,11,74.62042808886693,26.56686346962896,820.8247089775363,528.5892108116177
2021-02-02,Product B,13,22.119460961003607,32.15219094177402,287.5529924930469,-130.4254897500154
2021-04-26,Product A,3,95.0937112197765,23.272689028183713,285.2811336593295,215.46306657477837
2021-12-20,Product A,12,36.9405118281627,43.02571973508024,443.2861419379524,-73.02249488301047
2021-11-12,Product A,7,32.00730727670099,29.034367925475124,224.05115093690694,20.810575458581077
2021-11-10,Product B,15,27.33889167079041,22.23334187359069,410.08337506185615,76.58324695799581
2021-06-28,Product C,15,73.51046988848432,23.825472467332098,1102.6570483272649,745.2749613172833
2021-06-23,Product C,19,46.57898525302507,49.5710992940616,885.0007198074762,-56.850166779694064
2021-08-22,Product A,12,62.15149387025978,36.46124641148881,745.8179264431174,308.28296950525163
2021-05-13,Product A,2,98.61946260225879,26.3870730425704,197.23892520451759,144.46477911937677
2021-04-04,Product B,15,30.006701339962092,45.87393095735129,450.1005200994314,-238.008444260838
2021-12-14,Product A,6,65.5412992831835,40.58448661343215,393.24779569910106,149.74087601850815
2021-07-14,Product C,7,43.3104962922885,44.5845442034318,303.17347404601946,-8.918335378003093
2021-07-05,Product B,16,64.84963159936133,16.444667460035344,1037.5941055897813,774.4794262292157
2021-06-14,Product B,13,89.57737660531731,42.09671784672866,1164.505895869125,617.2485638616525
2021-12-28,Product A,10,73.87195085908262,29.204569941884607,738.7195085908262,446.6738091719801
2021-07-10,Product C,4,95.27765604606488,12.725918451973182,381.1106241842595,330.20695037636676
2021-01-05,Product B,10,79.46498390382273,13.681467401309941,794.6498390382272,657.8351650251278
2021-07-25,Product B,3,60.82296140739703,32.93593685909884,182.4688842221911,83.66107364489457
2021-12-10,Product A,2,31.09816197943526,25.548617385398845,62.19632395887052,11.099089188072831
2021-08-15,Product C,7,28.300827833483915,12.83290934605883,198.1057948343874,108.2754294119756
2021-03-15,Product C,15,45.56920364200485,27.45469844615772,683.5380546300728,271.71757793770695
2021-08-07,Product B,17,48.45484470900673,41.6859711175826,823.7323600531143,115.07085105421012
2021-01-27,Product C,19,85.65801120544984,18.600467161838733,1627.502212903547,1274.093336828611
2021-01-23,Product A,14,60.28781964337937,38.90178153679598,844.0294750073112,299.4045334921675
2021-07-27,Product A,15,61.66594176842302,27.05234181600305,924.9891265263452,519.2039992862996
2021-12-21,Product B,4,99.77436869267335,23.14789774816754,399.0974747706934,306.50588377802325
2021-04-01,Product B,6,70.7164713460867,26.710211104290224,424.29882807652024,264.03756145077887
2021-02-21,Product C,14,66.65135252687054,35.43611682937794,933.1189353761876,437.01329976489643
2021-10-30,Product A,11,86.26135496598069,25.31711734159893,948.8749046257875,670.3866138681993
2021-07-28,Product C,19,32.16420516870349,31.338286504215507,611.1198982053663,15.692454625271669
2021-03-03,Product C,7,88.86638353257246,12.993544681333331,622.0646847280073,531.1098719586739
2021-10-31,Product B,11,41.25668318984946,36.55924699649255,453.8235150883441,51.671798126926056
2021-04-15,Product A,12,43.3355914498,15.78316996772732,520.0270973976,330.6290577848722
2021-05-09,Product A,2,74.17207132441794,16.756702101935513,148.34414264883588,114.83073844496485
2021-11-24,Product C,10,29.69291655118594,37.86322462368005,296.9291655118594,-81.70308072494106
2021-04-05,Product A,17,34.35463703219849,49.639105552330065,584.0288295473744,-259.83596484223676
2021-01-07,Product A,16,97.60862957523737,46.14426435770282,1561.738073203798,823.4298434805528
2021-06-23,Product C,18,70.14613494680262,28.2959789524353,1262.630429042447,753.3028078986117
2021-09-03,Product B,2,40.31775181233659,22.11257231831396,80.63550362467318,36.41035898804526
2021-01-16,Product B,5,91.9797390379998,27.800914553853563,459.89869518999905,320.89412242073126
2021-06-19,Product B,4,47.96462206138461,32.38864887997534,191.85848824553844,62.30389272563707
2021-06-16,Product C,10,32.37786551482861,20.559533537985676,323.77865514828613,118.18331976842939
2021-11-06,Product A,10,98.42576272297323,38.867625234511685,984.2576272297323,595.5813748846155
2021-03-24,Product C,14,29.267946143505952,10.963125030901363,409.75124600908333,256.2674955764642
2021-08-09,Product C,7,65.83966056096793,47.704131805812025,460.8776239267755,126.94870128609132
2021-11-18,Product B,11,80.0059688654466,39.040269265375485,880.0656575199126,450.6226956007823
2021-06-19,Product A,12,94.51140720025843,44.92233675533183,1134.1368864031012,595.0688453391192
2021-11-19,Product B,6,28.80248000384425,23.541704720142633,172.81488002306548,31.564651702209694
2021-04-25,Product A,6,62.22441831003488,47.279640977485634,373.34650986020927,89.66866399529546
2021-12-15,Product A,9,30.60138655088723,49.6048608979485,275.41247895798506,-171.0312691235514
2021-12-01,Product B,16,81.76378796154845,17.177818022533625,1308.2206073847751,1033.375519024237
2021-08-18,Product B,15,36.34339148073495,32.97466465147321,545.1508722110243,50.530902438926084
2021-08-08,Product C,1,38.13642101706279,44.67107925872538,38.13642101706279,-6.534658241662591
2021-09-04,Product A,4,99.87552355498084,11.946692445962231,399.5020942199234,351.71532443607447
2021-04-11,Product A,2,87.61523485181571,41.032847939439,175.23046970363143,93.16477382475342
2021-08-10,Product A,15,72.04303819488992,11.398134795019338,1080.6455729233487,909.6735509980587
2021-06-28,Product A,7,71.24142535015355,36.18871936398726,498.6899774510748,245.368941903164
2021-06-24,Product A,4,67.84528819427348,13.828329989265002,271.3811527770939,216.0678328200339
2021-04-04,Product C,5,96.16846110483712,14.017439765239455,480.8423055241856,410.7551066979883
2021-04-25,Product A,6,88.69999285149721,21.501189290041868,532.1999571089833,403.1928213687321
2021-06-11,Product C,9,68.85775574100312,24.94673070434661,619.719801669028,395.1992253299086
2021-09-26,Product B,19,30.930317098579643,30.244289140428823,587.6760248730133,13.034531204865583
2021-08-13,Product C,10,49.50086777983824,12.703310944020746,495.0086777983824,367.9755683581749
2021-08-22,Product C,4,96.92434484022108,25.66668033472677,387.6973793608843,285.0306580219773
2021-12-03,Product C,3,29.72305861077856,48.29578130019022,89.16917583233567,-55.71816806823499
2021-03-08,Product B,10,27.933076113823965,29.11303914446185,279.33076113823967,-11.799630306378859
2021-05-06,Product A,14,22.476994749206362,49.01637370503009,314.67792648888906,-371.5513053815322
2021-05-19,Product C,18,69.79878994084797,47.83680955840882,1256.3782189352635,395.3156468839047
2021-04-23,Product B,18,45.2152515640299,20.90655564643245,813.8745281525382,437.55652651675405
2021-08-07,Product C,11,92.21811092080958,42.57540400320816,1014.3992201289054,546.0697760936156
2021-06-05,Product C,9,97.69237955822422,23.860926599776533,879.231416024018,664.4830766260292
2021-07-04,Product B,14,41.172486089688995,35.820651821396794,576.4148052556459,74.92567975609082
2021-05-01,Product C,11,89.31624740982092,23.036417750761316,982.47872150803,729.0781262496556
2021-11-18,Product C,7,49.174367363243846,17.86705440209061,344.2205715427069,219.15119072807266
2021-07-17,Product A,11,40.2885903252005,33.16270158525464,443.1744935772055,78.38477613940451
2021-12-11,Product B,4,67.75102429373408,44.02794053301684,271.0040971749363,94.89233504286895
2021-10-18,Product C,16,93.01364967570458,48.28172676020522,1488.2183948112734,715.7107666479899
2021-01-04,Product B,19,30.808807778710108,20.500964275116683,585.367347795492,195.84902656827506
2021-07-08,Product B,3,40.059346190773475,37.181677381958956,120.17803857232042,8.633006426443558
2021-08-27,Product A,5,22.963566943191474,43.01475388887817,114.81783471595736,-100.25593472843347
2021-06-15,Product A,11,44.17824578923621,18.466756703920424,485.96070368159826,282.8263799384736
2021-06-21,Product A,8,76.97666512200003,30.481383667278976,615.8133209760002,371.9622516377684
2021-07-31,Product C,19,28.21874399722585,46.220652543280636,536.1561359472912,-342.0362623750409
2021-12-11,Product C,13,43.933319516487686,44.595471183971924,571.1331537143399,-8.607971677295097
2021-03-12,Product C,12,64.23722597413966,10.451603293451468,770.8467116896759,645.4274721682583
2021-05-29,Product C,13,83.29028852313071,34.96656563876347,1082.7737508006992,628.2083974967742
2021-10-12,Product C,18,99.13642189354873,35.41581998410905,1784.455594083877,1146.9708343699142
2021-04-26,Product C,6,54.09386031736538,49.64356917450863,324.56316190419227,26.701746857140535
2021-11-19,Product B,8,61.74256525585722,37.54046980200201,493.9405220468578,193.61676363084172
2021-04-03,Product B,5,89.83372308761416,31.590040513878222,449.1686154380708,291.2184128686797
2021-04-13,Product A,11,57.48634786285492,17.284377894413574,632.3498264914041,442.2216696528548
2021-12-24,Product C,19,37.108854733541506,20.561678992668266,705.0682399372886,314.3963390765916
2021-07-17,Product B,1,91.15762272421694,42.79378962342568,91.15762272421694,48.363833100791254
2021-04-20,Product A,12,78.34877780439555,12.782999458136128,940.1853336527466,786.789340155113
2021-11-26,Product A,10,50.155395324952885,10.566749041024849,501.55395324952883,395.88646283928034
2021-04-11,Product A,19,59.01000485043531,34.4544344727624,1121.1900921582708,466.55583717578526
2021-07-02,Product A,14,36.14705067289548,37.04549962411312,506.05870942053673,-12.578285317046934
2021-11-30,Product B,19,23.635651389754155,43.02956051994422,449.07737640532895,-368.4842734736112
2021-06-09,Product B,13,45.86324221139665,31.208983037188204,596.2221487481565,190.50536926470983
2021-03-23,Product B,10,70.72673160177193,43.69477303032726,707.2673160177193,270.3195857144467
2021-02-05,Product A,9,42.61761945145814,43.00842277782354,383.55857506312327,-3.5172299372886044
2021-08-26,Product A,2,98.82119656921505,25.58508022364044,197.6423931384301,146.4722326911492
2021-09-01,Product C,18,28.10545369033555,13.63237703903299,505.8981664260399,260.5153797234461
2021-09-08,Product C,18,71.60371175883924,40.5181546406406,1288.8668116591064,559.5400281275754
2021-09-12,Product A,16,63.69591739970687,48.605719526285554,1019.13467839531,241.44316597474108
2021-10-09,Product B,17,20.256111880737482,45.13440496520565,344.3539019725372,-422.9309824359588
2021-01-22,Product A,18,87.2307737341338,35.33196836542333,1570.1539272144084,934.1784966367886
2021-08-18,Product C,8,52.597478631169714,13.8433204097085,420.7798290493577,310.0332657716897
2021-06-03,Product C,17,61.13873433250398,33.68764733085192,1039.3584836525677,466.6684790280851
2021-04-30,Product B,6,78.02947639218814,10.62802130157674,468.17685835312886,404.4087305436684
2021-06-15,Product A,10,77.86988965707187,33.67905916126663,778.6988965707187,441.9083049580524
2021-07-18,Product C,15,83.78090159088649,43.34820749354623,1256.7135238632973,606.4904114601039
2021-12-13,Product B,13,29.1472798369818,39.658159404253595,378.9146378807634,-136.64143437453336
2021-03-16,Product C,15,97.23067782384908,34.627923979580686,1458.4601673577363,939.0413076640259
2021-03-20,Product B,14,89.61492675398908,14.821943639431204,1254.6089745558472,1047.1017636038102
2021-11-15,Product C,2,90.8105565028236,16.912298706510327,181.6211130056472,147.79651559262655
2021-03-14,Product C,5,72.09086829519931,43.80458608853412,360.45434147599656,141.43141103332596
2021-07-19,Product A,6,43.14982055842428,33.65923458491754,258.8989233505457,56.94351584104044
2021-10-29,Product B,13,76.32433255160535,30.875669319178698,992.2163231708696,590.8326220215465
2021-05-14,Product B,10,81.85928267444993,18.32491015591173,818.5928267444992,635.343725185382
2021-02-17,Product C,13,38.33969493824446,26.97615302194172,498.416034197178,147.72604491193567
2021-07-07,Product A,1,88.42330760061189,33.23524500956961,88.42330760061189,55.18806259104228
2021-06-20,Product C,6,59.24948000472325,35.12378345041314,355.49688002833955,144.75417932586066
2021-05-19,Product C,10,38.625943393450946,38.137915267837144,386.25943393450945,4.880281256138019
2021-08-31,Product C,2,97.31313593567415,39.93010949824324,194.6262718713483,114.76605287486183
2021-11-10,Product B,18,93.80737711088227,34.83430506349498,1688.5327879958809,1061.5152968529712
2021-12-12,Product A,2,77.32299357495492,16.223356933764727,154.64598714990984,122.19927328238039
2021-05-06,Product C,11,63.23325945996221,31.69287012221637,695.5658540595844,346.9442827152043
2021-07-26,Product C,7,49.36765586898301,12.992572985929272,345.5735910828811,254.62558018137617
2021-12-05,Product C,17,90.58171379164415,33.6319936151002,1539.8891344579506,968.1452430012471
2021-07-17,Product B,8,81.8782802388813,49.176266314659685,655.0262419110504,261.61611139377294
2021-07-06,Product C,7,81.37881201593657,20.689884481623693,569.651684111556,424.82249274019017
2021-01-18,Product B,12,60.547099964534745,25.67362857451517,726.565199574417,418.4816566802349
2021-07-17,Product B,10,23.27607569935987,20.902482763973296,232.76075699359868,23.73592935386572
2021-12-17,Product B,19,64.6560756986976,32.356411798205684,1228.4654382752544,613.6936141093465
2021-06-02,Product B,11,87.83535024902278,11.751477618055697,966.1888527392506,836.9225989406378
2021-05-12,Product B,7,60.58040977582213,49.75767270480386,424.0628684307549,75.75915949712791
2021-11-22,Product A,7,79.35253778548234,41.87015039216495,555.4677644983764,262.37671175322174
2021-06-14,Product B,3,57.820699332876295,34.694948227867386,173.46209799862888,69.37725331502673
2021-02-28,Product B,18,64.77716572396706,42.505045675359455,1165.988983031407,400.8981608749369
2021-06-27,Product C,11,23.691163022384913,18.856364534827495,260.60279324623406,53.18278336313159
2021-06-02,Product A,8,44.83040809628306,44.3373580521903,358.64326477026447,3.944400352742093
2021-06-11,Product A,9,91.8548651158147,49.3438213259718,826.6937860423324,382.5993941085861
2021-12-20,Product C,9,44.700116098981226,35.42129038169849,402.301044890831,83.50943145554461
2021-08-30,Product B,5,56.284934380643925,32.51037755514766,281.42467190321963,118.87278412748131
2021-05-16,Product A,3,65.57416466336534,28.054539679558733,196.722493990096,112.55887495141982
2021-08-24,Product B,17,81.23705557933079,35.70608114688156,1381.0299448486235,774.0265653516369
2021-02-16,Product C,12,39.850536406937806,36.25134017406121,478.2064368832537,43.19035479451912
2021-05-08,Product A,4,25.814230350453585,32.21252913000501,103.25692140181434,-25.5931951182057
2021-12-04,Product B,1,88.7791724374781,40.48590355365273,88.7791724374781,48.29326888382536
2021-06-07,Product A,6,77.1349035086966,24.1664412788421,462.8094210521796,317.810773379127
2021-01-13,Product A,8,81.71048457534708,42.448007332300975,653.6838766027766,314.09981794436885
2021-04-29,Product B,13,33.66555945957667,35.41207260936903,437.6522729744967,-22.704670947300635
2021-10-30,Product B,12,57.79551964441153,23.823508953954335,693.5462357329384,407.66412828548636
2021-10-16,Product A,13,56.47662723103607,17.172043854478925,734.1961540034689,510.95958389524293
2021-10-18,Product C,19,60.26983278407254,29.26603621589582,1145.1268228973784,589.0721347953577
2021-04-26,Product A,16,93.46342442609279,28.162753433231025,1495.4147908174846,1044.8107358857883
2021-03-29,Product C,13,99.33502218045786,21.78495184364806,1291.3552883459522,1008.1509143785273
2021-05-05,Product A,13,22.531660859495204,33.656680945540074,292.91159117343767,-144.6252611185833
2021-06-24,Product B,16,34.746690624111416,10.215903965312588,555.9470499857827,392.49258654078125
2021-12-30,Product C,18,87.24457529048817,23.05681081200239,1570.4023552287872,1155.379760612744
2021-02-22,Product C,8,27.005742044574504,35.96256971361412,216.04593635659603,-71.65462135231695
2021-04-21,Product A,16,98.04097470636026,11.034914219475365,1568.6555953017642,1392.0969677901583
2021-03-06,Product A,2,76.35297704759657,33.062521641131845,152.70595409519314,86.58091081292945
2021-11-29,Product C,6,20.91136451419669,25.05888846737736,125.46818708518015,-24.88514371908402
2021-03-15,Product B,1,75.84009318057306,40.309446899982504,75.84009318057306,35.53064628059056
2021-05-27,Product C,14,44.68959672410283,18.49622828695425,625.6543541374396,366.70715812008007
2021-09-18,Product C,9,60.11609393897628,42.86312737939123,541.0448454507865,155.27669903626543
2021-09-21,Product B,19,31.176601093761384,18.27258768131999,592.3554207814663,245.17625483638648
2021-05-12,Product B,17,68.28096351949782,34.25885835578878,1160.776379831463,578.3757877830536
2021-02-18,Product A,14,37.072425900647175,17.921639862200696,519.0139626090604,268.1110045382507
2021-03-18,Product A,9,42.62602822460061,31.88762210690568,383.63425402140547,96.64565505925435
2021-10-21,Product A,7,75.68463674867505,28.94754932547376,529.7924572407253,327.15961196240903
2021-04-27,Product B,6,35.904804343445804,18.956912087874365,215.42882606067482,101.68735353342863
2021-02-18,Product C,4,43.10319494846019,33.34625844888436,172.41277979384077,39.02774599830332
2021-04-20,Product B,9,26.950853664181686,18.83412229515312,242.55768297763518,73.05058232125711
2021-06-29,Product A,13,68.03133656102574,30.354157651246553,884.4073752933346,489.8033258271294
2021-02-19,Product C,14,39.1913624071704,44.274361794579086,548.6790737003856,-71.16199142372157
2021-03-13,Product A,17,90.52390714383253,44.55827481379179,1538.906421445153,781.4157496106926
2021-12-13,Product C,19,67.30938574258502,35.89116565836444,1278.8783291091154,596.946181600191
2021-10-13,Product B,11,37.740499258662474,28.612962905185455,415.1454918452872,100.40289988824722
2021-01-04,Product A,9,20.58297576727287,36.77560664655159,185.24678190545583,-145.73367791350844
2021-03-16,Product B,17,29.339352294079646,42.41123775588566,498.76898899935395,-222.2220528507022
2021-03-26,Product B,19,38.442446338207446,41.659537146022735,730.4064804259415,-61.12472534849049
2021-11-18,Product B,11,64.20096421069621,31.93613213253966,706.2106063176584,354.91315285972206
2021-01-21,Product C,16,35.4438827233823,22.296027727130344,567.1021235741168,210.36567994003133
2021-07-28,Product B,7,74.61624220994787,36.31296768678129,522.3136954696351,268.12292166216605
2021-02-12,Product B,5,27.10218424176137,10.759581259981186,135.51092120880685,81.71301490890093
2021-01-29,Product C,16,51.97854862269275,48.750890149440956,831.656777963084,51.64253557202869
2021-12-10,Product B,1,38.92702762350214,23.188023824640275,38.92702762350214,15.739003798861866
2021-06-30,Product B,4,84.22888623708813,26.700762096501908,336.91554494835253,230.11249656234492
2021-11-01,Product B,16,30.23623166655443,31.916918043072254,483.7797066648709,-26.890982024285165
2021-04-13,Product C,16,29.64803930666185,38.69953317929712,474.3686289065896,-144.8239019621643
2021-09-23,Product C,2,82.52165242164361,16.471461363915815,165.04330484328722,132.1003821154556
2021-09-16,Product A,19,48.14291842197999,25.034588366502586,914.7154500176199,439.0582710540707
2021-12-31,Product B,9,82.97926877503201,22.75601895561746,746.8134189752881,542.009248374731
2021-08-22,Product C,10,73.17550139679474,12.238119971092116,731.7550139679474,609.3738142570262
2021-12-12,Product B,9,27.056839448340497,28.154826715435163,243.51155503506448,-9.881885403851996
2021-04-11,Product C,8,97.6839332088743,13.518432258606556,781.4714656709943,673.3240076021419
2021-04-01,Product C,16,94.43737602875565,45.28627564773935,1510.9980164600904,786.4176060962608
2021-03-10,Product C,10,84.14779406493189,31.18706708789109,841.4779406493188,529.6072697704079
2021-04-16,Product A,4,87.06988539575286,42.712285298691135,348.27954158301145,177.4304003882469
2021-01-11,Product B,15,69.64159868522688,33.82211719844703,1044.6239802784032,537.2922223016977
2021-01-13,Product C,3,93.60450442779039,47.43081445774101,280.81351328337115,138.52106991014813
2021-04-15,Product B,12,53.2630010437531,13.269085967634023,639.1560125250372,479.92698091342896
2021-08-14,Product C,4,91.4739322909332,39.280630219675984,365.8957291637328,208.7732082850289
2021-06-17,Product B,15,56.66194403221616,37.308933776953396,849.9291604832424,290.2951538289415
2021-10-17,Product B,1,82.54248308559677,41.80810186981824,82.54248308559677,40.734381215778534
2021-04-10,Product C,3,58.04797568825981,32.91568259822826,174.14392706477943,75.39687927009466
2021-08-06,Product B,11,75.77731905112908,22.05810556720291,833.55050956242,590.9113483231879
2021-11-03,Product A,6,54.61107677590958,22.49761650826133,327.6664606554575,192.6807616058895
2021-12-11,Product A,5,50.495794958797866,45.50479787615919,252.47897479398932,24.95498541319339
2021-07-30,Product B,19,72.16233454278063,24.179982935187265,1371.084356312832,911.6646805442738
2021-10-04,Product B,11,82.54214791894114,42.56455742381092,907.9636271083525,439.75349544643245
2021-08-11,Product C,4,26.516399638940182,40.63597979863607,106.06559855576073,-56.47832063878356
2021-06-06,Product C,8,41.1272037723376,30.403149820800376,329.0176301787008,85.7924316122978
2021-03-14,Product B,4,67.09158852565076,46.483029326556064,268.36635410260305,82.4342367963788
2021-10-02,Product B,2,43.510994161529275,22.03035611001614,87.02198832305855,42.96127610302627
2021-02-09,Product B,6,66.48139180124255,10.261563098286274,398.8883508074553,337.31897221773767
2021-08-23,Product B,4,99.47153099410997,40.30965013488337,397.8861239764399,236.6475234369064
2021-05-04,Product A,15,90.80818952632556,40.59125969088717,1362.1228428948834,753.2539475315759
2021-10-12,Product B,3,66.21372154795411,17.83426691051436,198.64116464386234,145.13836391231925
2021-06-02,Product C,18,25.464043389156352,42.62666229303785,458.35278100481435,-308.92714026986704
2021-05-27,Product A,15,85.8289403736166,44.359460672904824,1287.434105604249,622.0421955106767
2021-07-15,Product B,11,96.1306117586924,36.28384901995436,1057.4367293456164,658.3143901261184
2021-06-22,Product C,5,30.222722868204464,30.780805729296794,151.11361434102233,-2.7904143054616526
2021-07-31,Product A,5,69.51921161088966,35.138805135322805,347.5960580544483,171.90203237783425
2021-10-29,Product B,7,31.859849644629683,35.47354763385947,223.01894751240778,-25.29588592460849
2021-11-07,Product B,10,28.905616407281283,43.958104894232136,289.0561640728128,-150.52488486950853
2021-01-01,Product B,10,49.355957263120104,19.173455838965157,493.55957263120104,301.82501424154947
2021-05-19,Product B,4,40.23656919993914,46.68021913209568,160.94627679975656,-25.774599728626157
2021-07-15,Product A,8,78.878841140656,47.99525305401252,631.030729125248,247.06870469314777
2021-08-08,Product C,13,38.09586663128751,18.80196467540133,495.2462662067376,250.8207254265203
2021-12-22,Product B,5,87.70501384357604,14.210938249457659,438.5250692178802,367.4703779705919
2021-06-12,Product A,14,39.24439158707482,36.943682464294476,549.4214822190476,32.20992771892486
2021-02-20,Product A,13,72.75342672770996,14.517257909114182,945.7945474602295,757.0701946417453
2021-08-31,Product C,1,33.98060023174614,19.962844406435085,33.98060023174614,14.017755825311053
2021-12-25,Product A,11,66.54852929257623,16.566193014643254,732.0338222183386,549.8056990572628
2021-01-21,Product A,15,60.304168046209334,44.33266863205145,904.56252069314,239.57249121236825
2021-06-21,Product C,1,65.71044615023962,46.356610605585104,65.71044615023962,19.353835544654515
2021-04-29,Product A,1,50.79509118777245,22.532188706812953,50.79509118777245,28.262902480959497
2021-05-09,Product A,1,94.4244580427903,23.26812566163778,94.4244580427903,71.15633238115252
2021-04-16,Product C,12,44.840623533899134,28.569692500279032,538.0874824067896,195.25117240344122
2021-07-14,Product A,6,92.65011415453928,15.441439773143117,555.9006849272357,463.25204628837696
2021-08-14,Product C,6,79.76796716029747,41.240122414247516,478.60780296178484,231.16706847629973
2021-05-21,Product B,19,49.31112301640373,31.323829288826786,936.9113373116708,341.7585808239619
2021-09-29,Product B,11,56.68778229356042,21.86850454132386,623.5656052291646,383.0120552746022
2021-04-29,Product B,17,89.82377205361166,29.27657045020333,1527.0041249113983,1029.3024272579416
2021-02-03,Product B,18,34.437643372717616,33.7124998497851,619.8775807089171,13.052583412785353
2021-06-01,Product A,12,32.341440203722726,23.765913376559354,388.0972824446727,102.90632192596047
2021-02-08,Product B,10,65.3902882090723,20.726715851982945,653.902882090723,446.6357235708935
2021-09-15,Product C,10,98.53415331015817,15.838592360453937,985.3415331015817,826.9556094970424
2021-09-24,Product C,13,59.98992579788699,37.259273540563214,779.8690353725309,295.4984793452091
2021-01-07,Product C,1,69.2164570580573,27.688467835521063,69.2164570580573,41.527989222536235
2021-09-20,Product C,8,70.06517092257215,13.516366967059664,560.5213673805772,452.39043164409986
2021-04-13,Product B,14,75.19792613921261,34.32832909063894,1052.7709659489765,572.1743586800314
2021-11-28,Product C,17,73.90420564174215,14.665414049901253,1256.3714959096167,1007.0594570612953
2021-12-08,Product B,12,90.02255409071422,15.33807673575219,1080.2706490885707,896.2137282595443
2021-06-28,Product C,16,54.63969415321241,35.87414875306249,874.2351064513986,300.2487264023987
2021-11-04,Product C,13,95.76027216560237,44.416418882246525,1244.8835381528309,667.470092683626
2021-09-16,Product B,6,82.25842038661304,39.062518639922494,493.55052231967824,259.1754104801433
2021-11-29,Product B,3,41.93794123392532,49.4547034254074,125.81382370177596,-22.55028657444624
2021-06-07,Product A,13,43.147353731137834,19.799584791822063,560.9155985047919,303.520996211105
2021-01-10,Product A,12,51.886211559632514,43.044546407641,622.6345387155902,106.09998182389816
2021-04-26,Product A,16,97.66778118434732,33.87205902998343,1562.684498949557,1020.7315544698222
2021-04-27,Product C,5,21.87281861183684,40.16209630349411,109.3640930591842,-91.44638845828635
2021-07-01,Product C,18,26.423548401359753,29.202136558261692,475.6238712244756,-50.01458682423491
2021-08-24,Product C,13,54.79489893228405,14.98771374670127,712.3336861196926,517.4934074125762
2021-07-13,Product A,13,67.73466444503806,42.41296014804916,880.5506377854948,329.18215586085574
2021-10-27,Product A,17,95.21124782444133,23.892828852995393,1618.5912130155025,1212.413122514581
2021-03-21,Product A,3,83.55448670887345,16.494973829878802,250.66346012662035,201.17853863698394
2021-03-04,Product C,6,23.053904209012277,31.334006624605983,138.32342525407367,-49.68061449356224
2021-11-29,Product B,3,27.7710818678145,31.126755217511043,83.3132456034435,-10.067020049089624
2021-02-17,Product A,16,32.34907575535473,20.43716521180005,517.5852120856757,190.59056869687493
2021-03-18,Product B,7,83.72804871182014,39.99571442406713,586.0963409827409,306.126340014271
2021-05-30,Product C,5,46.461199135204964,24.33029600214013,232.30599567602482,110.65451566532417
2021-05-01,Product A,10,83.91469585931151,31.23227207429666,839.1469585931151,526.8242378501485
2021-10-02,Product C,16,20.376260498192032,31.82380214388261,326.0201679710725,-183.16066633104924
2021-12-12,Product B,1,64.8563851521516,47.787595839206986,64.8563851521516,17.068789312944617
2021-01-14,Product C,11,70.3551757893924,49.18103399606637,773.9069336833164,232.9155597265864
2021-08-11,Product C,17,61.31857292694246,37.5803044291454,1042.4157397580218,403.55056446254997
2021-04-03,Product A,3,85.71891633956415,10.032504419355348,257.15674901869244,227.0592357606264
2021-08-25,Product B,18,50.070155750220295,42.02033624611134,901.2628035039653,144.89675107396116
2021-04-16,Product A,15,68.63494423181709,45.52506659038577,1029.5241634772563,346.6481646214698
2021-08-02,Product C,6,29.206192476412987,49.291080586813855,175.23715485847794,-120.50932866240521
2021-01-07,Product C,6,81.32006141044677,10.782072076847133,487.9203684626806,423.22793600159787
2021-04-11,Product B,3,30.138694062796603,44.38413332768047,90.41608218838981,-42.73631779465161
2021-02-18,Product C,4,80.5456807704969,44.66549830381214,322.1827230819876,143.52072986673903
2021-02-10,Product A,12,45.373324566423356,17.708747111661424,544.4798947970803,331.97492945714316
2021-06-08,Product B,14,21.17167129176357,43.5360768557626,296.40339808468997,-313.1016778959864
2021-05-24,Product C,4,55.92249673523304,11.8700675699422,223.68998694093216,176.20971666116336
2021-02-07,Product A,6,77.24732309800225,12.773045011908227,463.48393858801353,386.84566851656416
2021-03-01,Product A,2,92.0948589001523,33.72650476084708,184.1897178003046,116.73670827861045
2021-04-24,Product B,9,81.0031698789316,48.60825341234846,729.0285289103845,291.55424819924826
2021-04-06,Product C,8,63.94655976317745,28.820933121973,511.5724781054196,281.0050131296356
2021-12-19,Product A,8,48.549608637388644,25.110347683867698,388.39686909910915,187.51408762816757
2021-07-28,Product B,2,64.66442911339641,29.898193550631554,129.32885822679282,69.53247112552971
2021-10-16,Product A,10,90.80178039508633,49.527696725061624,908.0178039508633,412.74083670024703
2021-03-04,Product C,16,88.99032943229767,36.55466896435017,1423.8452709167627,838.97056748716
2021-04-04,Product A,14,20.775010159568215,31.980362570257157,290.850142233955,-156.87493374964518
2021-11-17,Product C,1,73.88199623923722,41.686149641763976,73.88199623923722,32.19584659747325
2021-12-13,Product A,5,32.250538197834935,28.964257667921075,161.25269098917468,16.4314026495693
2021-05-31,Product C,1,84.30103440500122,30.02798134982673,84.30103440500122,54.273053055174486
2021-10-20,Product A,12,87.60102856966556,40.971769074441845,1051.2123428359866,559.5511139426845
2021-03-25,Product A,4,89.08061307513736,29.084691199165114,356.32245230054946,239.983687503889
2021-05-08,Product B,5,43.24747587082534,15.165385095072402,216.2373793541267,140.41045387876468
2021-09-19,Product C,16,71.96085848189492,11.336974372422176,1151.3737357103187,969.9821457515638
2021-12-15,Product A,18,27.71961556588665,35.72655056041909,498.95308018595966,-144.12482990158398
2021-06-04,Product B,11,97.95424392912255,14.234987899575287,1077.4966832203481,920.9118163250199
2021-08-30,Product A,17,52.753706465013444,45.52464695370685,896.8130099052286,122.8940116922121
2021-03-25,Product B,7,63.60128531818216,30.139910095652382,445.2089972272751,234.22962655770843
2021-05-16,Product A,3,60.309063093894444,10.62458011929731,180.92718928168333,149.0534489237914
2021-06-30,Product B,18,70.87743762649836,20.843936670366794,1275.7938772769705,900.6030172103682
2021-03-22,Product C,19,26.25264954577129,33.32674224424175,498.8003413696545,-134.40776127093872
2021-01-01,Product A,2,27.194307221726604,23.184847231832602,54.38861444345321,8.018919979788002
2021-08-04,Product C,1,26.219926544840646,25.230991600495173,26.219926544840646,0.9889349443454734
2021-07-27,Product C,2,34.72525572976326,45.73685562825267,69.45051145952652,-22.023199796978815
2021-11-27,Product B,7,52.21657711742263,35.95938561779842,365.51603982195843,113.80034049736949
2021-09-10,Product C,5,51.74134101239835,19.918881912422428,258.7067050619918,159.11229549987962
2021-05-12,Product B,5,44.91003412911385,44.94756776572884,224.55017064556927,-0.1876681830749405
2021-03-03,Product B,16,81.45889942060325,43.62652803701378,1303.342390729652,605.3179421374315
2021-11-20,Product B,7,87.55850404546186,35.57484662821655,612.909528318233,363.8856019207172
2021-05-25,Product B,11,27.4639171144959,19.758615456232075,302.1030882594549,84.75831824090207
2021-03-26,Product B,17,30.299530989994608,42.44979347804412,515.0920268299084,-206.55446229684173
2021-04-27,Product A,3,21.46281975509636,27.034730985198095,64.38845926528907,-16.71573369030521
2021-08-18,Product A,15,30.883060071557658,21.198618563524875,463.24590107336485,145.26662262049175
2021-09-13,Product C,15,49.09621798350646,18.63164273791738,736.443269752597,456.96862868383624
2021-11-09,Product A,15,68.7993220672117,20.09292205546796,1031.9898310081755,730.5960001761562
2021-11-15,Product B,1,58.366787215538494,28.272342878734797,58.366787215538494,30.094444336803697
2021-02-18,Product B,8,97.79181537205628,34.669700431753576,782.3345229764502,504.9769195224216
2021-05-26,Product A,2,20.82623357451122,46.10306896830545,41.65246714902244,-50.55367078758846
2021-01-10,Product C,5,74.22201105833295,43.11252265525322,371.11005529166476,155.54744201539864
2021-07-10,Product C,9,34.24681370597235,18.18068398461033,308.22132335375113,144.59516749225818
2021-03-21,Product A,16,54.23005688765187,45.739781651333004,867.6809102024299,135.84440378110185
2021-08-19,Product B,1,78.38321262892677,23.788778104955167,78.38321262892677,54.5944345239716
2021-07-26,Product B,4,24.617518480404375,30.724629642875435,98.4700739216175,-24.42844464988424
2021-08-17,Product C,16,26.600277239537995,23.219369155836493,425.6044358326079,54.09452933922404
2021-11-24,Product A,11,81.14841107713477,42.59883502238738,892.6325218484824,424.0453366022213
2021-11-15,Product B,2,52.52597881543898,14.413484994920097,105.05195763087796,76.22498764103777
2021-10-07,Product C,4,90.7762981351472,46.933056437518125,363.1051925405888,175.3729667905163
2021-12-14,Product C,4,57.128869057393416,18.72373420766321,228.51547622957366,153.6205393989208
2021-01-08,Product A,3,74.97917902323,20.31341210177351,224.93753706969,163.99730076436947
2021-10-06,Product C,5,78.45186177482981,17.028358946695448,392.25930887414904,307.1175141406718
2021-12-21,Product B,11,60.19249934089618,14.626311080194867,662.117492749858,501.2280708677144
2021-06-08,Product C,15,89.91047959161546,33.23507249918612,1348.6571938742318,850.13110638644
2021-09-04,Product C,10,68.72286413780672,27.565410953311897,687.2286413780672,411.5745318449483
2021-03-22,Product C,6,33.123567301467034,42.67599409468567,198.7414038088022,-57.31456075931182
2021-06-05,Product A,6,56.92547430603437,23.486446221662646,341.5528458362062,200.6341685062303
2021-02-17,Product B,4,24.13536565081423,41.206253473196085,96.54146260325692,-68.28355128952742
2021-04-25,Product C,17,99.51754108700015,33.453095302176195,1691.7981984790026,1123.0955783420072
2021-01-12,Product A,8,24.57660470005715,37.505699358715326,196.6128376004572,-103.43275726926541
2021-12-01,Product C,11,42.05289749992826,28.82271595062638,462.5818724992108,145.53199704232063
2021-10-14,Product B,13,73.93330242989818,21.076646433460176,961.1329315886763,687.136527953694
2021-04-01,Product C,5,40.47164270626641,10.294839490755447,202.35821353133204,150.8840160775548
2021-10-18,Product A,17,86.48709088840853,20.161992684978678,1470.280545102945,1127.5266694583077
2021-02-24,Product C,13,42.7866144532078,32.85053577056824,556.2259878917014,129.1690228743142
2021-12-04,Product C,16,66.8584068966984,31.27734226781378,1069.7345103471744,569.2970340621539
2021-06-13,Product C,11,84.99447568271782,48.60282935733465,934.939232509896,400.3081095792149
2021-03-13,Product A,12,85.14333423189092,38.44863733435087,1021.720010782691,560.3363627704806
2021-11-12,Product C,15,91.53896437517581,16.37734504080665,1373.0844656276372,1127.4242900155375
2021-04-23,Product C,11,97.68433654644124,49.6624955208913,1074.5277020108538,528.2402512810494
2021-03-10,Product A,12,78.89007007660456,23.81622846173094,946.6808409192547,660.8860993784833
2021-01-14,Product A,7,67.15313121467699,33.59759214097173,470.0719185027389,234.88877351593683
2021-04-12,Product B,8,84.30394614590469,14.984469055717806,674.4315691672375,554.555816721495
2021-10-03,Product A,1,38.69157931819448,38.40589402948929,38.69157931819448,0.2856852887051886
2021-12-30,Product C,3,51.35761865093904,47.21274301173378,154.07285595281712,12.43462691761578
2021-09-22,Product C,1,92.83420547024059,22.031803598449628,92.83420547024059,70.80240187179096
2021-12-19,Product A,1,99.16408588797366,42.38021274799011,99.16408588797366,56.78387313998355
2021-07-29,Product B,8,97.33448822294736,48.997207959510966,778.6759057835789,386.6982421074911
2021-07-17,Product A,19,49.49267314881549,22.593520477313177,940.3607898274944,511.08390075854396
2021-04-11,Product B,1,33.99180448664013,16.04156985129937,33.99180448664013,17.950234635340756
2021-09-11,Product A,3,42.87375437264623,48.594266595107854,128.6212631179387,-17.161536667384865
2021-06-07,Product B,7,24.124958760343418,34.97017589294957,168.87471132240393,-75.91651992824306
2021-08-19,Product B,13,20.625076143489096,16.507661282391282,268.12598986535824,53.52639319427158
2021-05-31,Product C,1,22.844159846609298,33.25678883034218,22.844159846609298,-10.412628983732883
2021-01-31,Product B,9,73.72028058097243,27.158382188275997,663.4825252287519,419.0570855342679
2021-09-13,Product C,4,31.58848795329267,12.536049795690353,126.35395181317068,76.20975263040927
2021-01-20,Product A,14,58.141615661578605,45.724411787548476,813.9826192621005,173.84085423642182
2021-09-18,Product A,4,53.681413085985106,43.41682007838394,214.72565234394042,41.058372030404655
2021-05-29,Product A,7,93.36735838181575,18.240468402164417,653.5715086727103,525.8882298575594
2021-12-29,Product A,7,95.01941703728038,43.378278694139844,665.1359192609626,361.4879684019837
2021-03-16,Product A,7,86.10655250497229,41.52984274197529,602.7458675348059,312.036968340979
2021-05-04,Product C,3,82.55325101741298,39.65890617341671,247.65975305223893,128.6830345319888
2021-08-03,Product A,16,87.00719560653555,19.575140802292267,1392.1151297045687,1078.9128768678925
2021-11-13,Product B,15,94.40832666256291,11.498205828819241,1416.1248999384436,1243.6518125061552
2021-08-18,Product C,19,65.2970443959136,42.72274660539977,1240.6438435223583,428.9116580197628
2021-09-08,Product B,17,55.80881011484061,41.48165231979766,948.7497719522904,243.56168251573015
2021-04-04,Product C,12,86.91827347220732,17.782260313094472,1043.0192816664878,829.6321579093542
2021-06-19,Product B,2,54.70386221881343,20.560080251716748,109.40772443762685,68.28756393419336
2021-02-10,Product C,11,42.84354885931858,19.75724816660189,471.2790374525044,253.9493076198836
2021-07-08,Product A,6,59.378142402659925,30.944533390557996,356.26885441595954,170.60165407261158
2021-07-29,Product C,16,48.90651586971063,39.10563815364243,782.5042539153701,156.8140434570912
2021-06-29,Product C,14,66.348070312059,21.150040028339653,928.8729843688259,632.7724239720708
2021-10-24,Product B,5,60.08611138066118,17.252450481173916,300.4305569033059,214.1683044974363
2021-03-01,Product C,1,62.68503814519456,38.72445467716952,62.68503814519456,23.960583468025042
2021-01-30,Product C,14,23.32068374400956,47.507469004821864,326.48957241613385,-338.61499365137223
2021-08-14,Product A,13,39.05339705571606,24.571483561854876,507.6941617243088,188.2648754201954
2021-04-05,Product B,7,46.47269109766407,29.331587577968893,325.30883768364845,119.98772463786622
2021-08-27,Product C,18,28.174600588219718,46.5554948448612,507.14281058795495,-330.8560966195467
2021-06-15,Product B,18,67.87973928581948,40.90261704565468,1221.8353071447507,485.5882003229665
2021-08-05,Product C,4,33.52578477552199,16.998415713543217,134.10313910208797,66.1094762479151
2021-09-30,Product C,1,31.5979616576518,18.20601592013068,31.5979616576518,13.39194573752112
2021-12-22,Product B,18,58.99437588015893,12.143989098922594,1061.8987658428607,843.306962062254
2021-06-17,Product A,4,54.95721483202007,20.810118148039184,219.82885932808028,136.58838673592356
2021-06-07,Product C,14,70.96610908317415,28.93312785148087,993.525527164438,588.4617372437059
2021-03-07,Product C,12,97.6024825658557,22.16798729171621,1171.2297907902685,905.2139432896739
2021-10-07,Product C,18,23.239204166673353,28.85432258261599,418.30567500012035,-101.07213148696744
2021-07-20,Product B,5,59.35050383119898,34.641557273025576,296.7525191559949,123.54473279086702
2021-03-29,Product A,16,85.20367145410655,47.234938743634004,1363.2587432657049,607.4997233675608
2021-10-21,Product C,11,47.844508703939994,46.9398714937053,526.28959574334,9.951009312581661
2021-08-06,Product C,7,52.656672285331766,34.89072207089715,368.5967059973224,124.36165150104233
2021-12-12,Product C,7,28.995291334650926,24.643688381925053,202.9670393425565,30.46122066908111
2021-05-15,Product B,17,62.246776587291194,20.314916919710523,1058.1952019839503,712.8416143488713
2021-08-05,Product B,5,24.07229481276561,34.27771128072827,120.36147406382804,-51.027082339813305
2021-04-12,Product B,4,44.17180667027306,35.88937535748325,176.68722668109223,33.129725251159215
2021-10-25,Product B,8,73.39586751007784,20.719250075236832,587.1669400806227,421.41293947872805
2021-02-13,Product A,1,79.98902720784608,12.34423940645977,79.98902720784608,67.64478780138631
2021-04-21,Product B,1,41.427146935378296,24.1408926703218,41.427146935378296,17.286254265056495
2021-08-28,Product B,9,63.21533433872291,48.18164256365474,568.9380090485062,135.30322597561354
2021-10-06,Product C,4,61.88853284510026,18.98191889960964,247.55413138040103,171.62645578196248
2021-01-12,Product B,7,78.49484692861998,22.408499043158695,549.4639285003399,392.60443519822894
2021-04-30,Product A,6,51.16677048660562,21.713846577396577,307.0006229196337,176.71754345525426
2021-10-10,Product A,8,46.151519772765056,38.054644924231106,369.21215818212045,64.7749987882716
2021-02-18,Product C,14,29.563492432404868,39.400482323290554,413.88889405366814,-137.7178584723996
2021-07-19,Product A,19,55.270181461449326,27.772733436899586,1050.1334477675373,522.451512466445
2021-08-28,Product B,18,45.63537890764444,46.51273987204372,821.4368203375999,-15.792497359187038
2021-07-02,Product B,4,35.67568764551537,39.00986116854468,142.70275058206147,-13.336694092117256
2021-04-07,Product A,9,33.03815130072873,45.51916929935462,297.34336170655854,-112.32916198763306
2021-12-23,Product A,16,46.38690088548242,44.083881418584845,742.1904141677187,36.84831147036118
2021-12-05,Product B,12,83.32131956067141,40.90372054991214,999.855834728057,509.0111881291113
2021-03-29,Product C,4,82.7712596669032,22.837229386483923,331.0850386676128,239.73612112167712
2021-01-03,Product B,13,98.29043706330322,15.474039528256455,1277.7756818229418,1076.6131679556079
2021-09-22,Product C,12,53.574785863327314,36.931605024242856,642.8974303599277,199.7181700690135
2021-09-24,Product C,18,90.97330811505186,38.00937954463349,1637.5195460709335,953.3507142675307
2021-09-19,Product A,19,94.69411680089021,40.11758974858056,1799.1882192169141,1036.9540139938833
2021-10-22,Product C,11,48.98799846411013,42.42557862474221,538.8679831052114,72.18661823304711
2021-04-11,Product B,12,59.07577060415491,25.9810674896732,708.9092472498589,397.1364373737805
2021-04-28,Product B,16,47.16021343908159,24.928112880177082,754.5634150253054,355.7136089424721
2021-03-01,Product A,7,28.593961495938096,22.63172564189246,200.15773047156668,41.73565097831946
2021-06-14,Product C,4,52.16965029409471,27.323338492825776,208.67860117637883,99.38524720507573
2021-09-19,Product B,19,97.06995353216291,44.87551708002315,1844.3291171110955,991.6942925906554
2021-02-08,Product C,4,85.78518788260814,10.076579205971248,343.14075153043257,302.8344347065476
2021-06-13,Product B,2,80.94677203338587,32.002647158431834,161.89354406677174,97.88824974990807
2021-03-30,Product B,11,28.074107151503114,18.94768353737589,308.8151786665343,100.39065975539945
2021-07-27,Product B,2,20.863360240733986,32.94608244856368,41.72672048146797,-24.165444415659387
2021-12-07,Product B,11,31.197365570470012,13.448825375129871,343.1710212751701,195.23394214874156
2021-09-23,Product A,10,51.11111032946713,13.388351463203936,511.1111032946713,377.2275886626319
2021-05-13,Product A,14,93.68685791621856,17.599460785202652,1311.6160108270599,1065.2235598342227
2021-01-25,Product C,3,30.66882145081432,49.402212755601184,92.00646435244296,-56.20017391436059
2021-04-05,Product C,19,65.79865687014814,35.833171478543974,1250.1744805328146,569.344222440479
2021-12-06,Product A,8,62.86404069600397,27.23932844818097,502.91232556803175,284.997697982584
2021-03-19,Product B,9,32.868375371975446,22.062662995641183,295.815378347779,97.25141138700837
2021-09-25,Product C,6,83.41403057704454,33.23341483594835,500.48418346226725,301.08369444657717
2021-03-23,Product C,15,22.789068733964505,28.12793037954853,341.8360310094676,-80.08292468376038
2021-06-04,Product A,7,26.298777821892784,28.490736335892926,184.0914447532495,-15.343709598000991
2021-06-25,Product C,1,87.6649287736943,25.39323076237807,87.6649287736943,62.27169801131623
2021-04-09,Product A,9,47.68650625696087,19.649450450914415,429.1785563126478,252.33350225441808
2021-01-22,Product B,16,98.72639495211195,13.378046522242485,1579.6223192337911,1365.5735748779114
2021-06-20,Product C,6,38.90975512198629,37.44758608809164,233.45853073191773,8.773014203367879
2021-05-26,Product B,4,92.03830971931235,17.089994453977976,368.1532388772494,299.7932610613375
2021-04-12,Product B,15,65.90530525304811,27.019807905617867,988.5795787957217,583.2824602114537
2021-09-02,Product A,9,51.47081280526545,33.48990278493942,463.23731524738906,161.82819018293432
2021-07-03,Product B,10,81.54861551867748,15.874245543043774,815.4861551867748,656.743699756337
2021-04-11,Product A,5,87.18799032057981,33.89438757179768,435.9399516028991,266.46801374391066
2021-07-16,Product A,8,45.008630135585115,24.486980026079188,360.0690410846809,164.17320087604742
2021-04-22,Product C,2,58.15124907878393,20.22409417419384,116.30249815756785,75.85430980918017
2021-08-15,Product B,14,74.05413218814971,31.943964213019967,1036.757850634096,589.5423516518164
2021-09-25,Product A,6,75.84698507858408,49.56238816144298,455.0819104715045,157.7075815028466
2021-04-08,Product C,9,44.02729457203576,40.743453952800685,396.2456511483218,29.554565573115646
2021-08-27,Product A,10,27.416349763377763,21.410258480716912,274.16349763377764,60.06091282660851
2021-01-12,Product B,8,51.288401244849496,30.061432182210822,410.30720995879597,169.8157525011094
2021-01-26,Product B,4,47.57642319100289,26.24282322347114,190.30569276401155,85.33439987012699
2021-04-08,Product C,16,27.169383104960705,31.018426533260204,434.7101296793713,-61.58469485279198
2021-12-18,Product C,6,51.45509028437368,37.66195572393124,308.7305417062421,82.75880736265464
2021-10-29,Product C,10,65.69253358756484,41.50966610265385,656.9253358756484,241.82867484910986
2021-09-20,Product C,12,99.70698404860472,48.23133480599537,1196.4838085832566,617.7077909113123
2021-03-31,Product C,4,80.5607046556893,21.802324091157367,322.2428186227572,235.03352225812776
2021-12-11,Product B,19,46.4473161671573,22.97021022678851,882.4990071759886,446.06501286700694
2021-02-08,Product C,4,53.262685641099516,10.89504727124333,213.05074256439806,169.47055347942475
2021-02-21,Product C,15,29.452632353627877,21.986479331625173,441.7894853044181,111.99229533004056
2021-01-17,Product C,10,84.37480102364555,47.668363041786264,843.7480102364555,367.0643798185928
2021-08-07,Product C,18,65.26473490144394,43.33598165588807,1174.765228225991,394.71755842000573
2021-09-17,Product B,16,57.85540485192519,14.759458062380908,925.686477630803,689.5351486327085
2021-12-13,Product B,16,56.376387139120595,48.58559765940071,902.0221942259295,124.65263167551814
2021-05-03,Product A,10,38.604577925033695,45.51642833120221,386.045779250337,-69.11850406168519
2021-09-16,Product C,8,41.907131156947216,44.32374886223462,335.2570492555777,-19.33294164229926
2021-05-14,Product C,8,45.885536834994156,46.959281995693146,367.08429467995325,-8.589961285591926
2021-09-29,Product B,6,20.142561340081713,31.359514515034373,120.85536804049028,-67.30171904971596
2021-12-01,Product B,12,63.31746681588661,48.83826893966947,759.8096017906394,173.7503745146057
2021-06-30,Product B,13,99.1930065852255,11.047879579678629,1289.5090856079316,1145.8866510721093
2021-12-26,Product C,15,46.25738476782023,32.497195052032694,693.8607715173034,206.402845736813
2021-09-21,Product A,15,58.214304501613256,24.923798895492624,873.2145675241989,499.3575840918095
2021-06-29,Product A,3,90.38588617221227,32.56268240888846,271.1576585166368,173.4696112899714
2021-12-25,Product B,2,62.762648510478144,45.93461651611132,125.52529702095629,33.65606398873365
2021-09-07,Product B,11,67.61792780052006,27.97461551386302,743.7972058057208,436.07643515322746
2021-07-03,Product B,6,48.65254780804879,19.0980842273596,291.91528684829274,177.32678148413513
2021-04-24,Product B,15,58.03220584425027,24.349602690745172,870.4830876637541,505.23904730257647
2021-07-25,Product A,1,61.49603819528083,27.82927338717378,61.49603819528083,33.66676480810705
2021-11-08,Product A,8,80.99286194362789,28.19734799596428,647.9428955490231,422.36411158130886
2021-03-30,Product B,16,89.83765346995116,23.513316426795903,1437.4024555192186,1061.189392690484
